-- MySQL dump 10.13  Distrib 8.0.40, for Win64 (x86_64)
--
-- Host: 127.0.0.1    Database: okul
-- ------------------------------------------------------
-- Server version	8.0.40

/*!40101 SET @OLD_CHARACTER_SET_CLIENT=@@CHARACTER_SET_CLIENT */;
/*!40101 SET @OLD_CHARACTER_SET_RESULTS=@@CHARACTER_SET_RESULTS */;
/*!40101 SET @OLD_COLLATION_CONNECTION=@@COLLATION_CONNECTION */;
/*!50503 SET NAMES utf8 */;
/*!40103 SET @OLD_TIME_ZONE=@@TIME_ZONE */;
/*!40103 SET TIME_ZONE='+00:00' */;
/*!40014 SET @OLD_UNIQUE_CHECKS=@@UNIQUE_CHECKS, UNIQUE_CHECKS=0 */;
/*!40014 SET @OLD_FOREIGN_KEY_CHECKS=@@FOREIGN_KEY_CHECKS, FOREIGN_KEY_CHECKS=0 */;
/*!40101 SET @OLD_SQL_MODE=@@SQL_MODE, SQL_MODE='NO_AUTO_VALUE_ON_ZERO' */;
/*!40111 SET @OLD_SQL_NOTES=@@SQL_NOTES, SQL_NOTES=0 */;

--
-- Table structure for table `aile_iliskisi`
--

DROP TABLE IF EXISTS `aile_iliskisi`;
/*!40101 SET @saved_cs_client     = @@character_set_client */;
/*!50503 SET character_set_client = utf8mb4 */;
CREATE TABLE `aile_iliskisi` (
  `VTC_NO` char(11) NOT NULL,
  `OTC_NO` char(11) NOT NULL,
  `YAKINLIK` varchar(20) NOT NULL,
  PRIMARY KEY (`VTC_NO`,`OTC_NO`),
  KEY `OTC_NO` (`OTC_NO`),
  CONSTRAINT `aile_iliskisi_ibfk_1` FOREIGN KEY (`VTC_NO`) REFERENCES `veli` (`TC_NO`),
  CONSTRAINT `aile_iliskisi_ibfk_2` FOREIGN KEY (`OTC_NO`) REFERENCES `ogrenci` (`TC_NO`) ON DELETE CASCADE
) ENGINE=InnoDB DEFAULT CHARSET=utf8mb4 COLLATE=utf8mb4_0900_ai_ci;
/*!40101 SET character_set_client = @saved_cs_client */;

--
-- Dumping data for table `aile_iliskisi`
--

LOCK TABLES `aile_iliskisi` WRITE;
/*!40000 ALTER TABLE `aile_iliskisi` DISABLE KEYS */;
INSERT INTO `aile_iliskisi` VALUES ('45678912458','23145678966','Father'),('78535887010','80647201766','Father'),('78745842283','80752875477','Mother'),('78915889814','80803079353','Uncle'),('79473848336','80457280438','Father');
/*!40000 ALTER TABLE `aile_iliskisi` ENABLE KEYS */;
UNLOCK TABLES;

--
-- Table structure for table `aktif`
--

DROP TABLE IF EXISTS `aktif`;
/*!40101 SET @saved_cs_client     = @@character_set_client */;
/*!50503 SET character_set_client = utf8mb4 */;
CREATE TABLE `aktif` (
  `TC_NO` char(11) NOT NULL,
  PRIMARY KEY (`TC_NO`),
  CONSTRAINT `aktif_ibfk_1` FOREIGN KEY (`TC_NO`) REFERENCES `ogrenci` (`TC_NO`)
) ENGINE=InnoDB DEFAULT CHARSET=utf8mb4 COLLATE=utf8mb4_0900_ai_ci;
/*!40101 SET character_set_client = @saved_cs_client */;

--
-- Dumping data for table `aktif`
--

LOCK TABLES `aktif` WRITE;
/*!40000 ALTER TABLE `aktif` DISABLE KEYS */;
INSERT INTO `aktif` VALUES ('23145678966'),('90595699693'),('90620793339'),('90640016930'),('90643608404'),('90652273686'),('90701654680'),('90701655266'),('90710698329'),('90721898976'),('90722932605'),('90751684938'),('90756086097'),('90764975972'),('90776022022'),('90786654467'),('90793024789'),('90820049490'),('90827871180'),('90834482502'),('90840696953'),('90856053697'),('90862843210'),('90894424766'),('90931805280'),('90932013051'),('90952861644'),('90966804751'),('91000860039'),('91006630557'),('91009645783'),('91022218489'),('91098235678'),('91115457476'),('91118609653'),('91131496072'),('91150495615'),('91156066140'),('91180246261'),('91205277673'),('91206260751'),('91227216082'),('91228469870'),('91236836179'),('91244061987'),('91244892076'),('91245450772'),('91278265778'),('91286877925'),('91373840447'),('91381057074'),('91384006011'),('91391091027'),('91399000209'),('91424052223'),('91425630901'),('91456684339'),('91462676661'),('91464259071'),('91542986683'),('91586068286'),('91647679534'),('91672600859'),('91693851587'),('91733035755'),('91772497003'),('91796402260'),('91829614203'),('91838856309'),('91851020737'),('91859029877'),('91874429509'),('91881035947'),('91885835721'),('91888436409'),('91896018075'),('91911236360'),('91913893911'),('91927218277'),('91936843653'),('91959282857'),('91963607669'),('91968251267'),('91984287190'),('92011241597'),('92012636230'),('92018602565'),('92021217639'),('92058663112'),('92077694931'),('92078688045'),('92086241417'),('92100492390'),('92119847836'),('92136055671'),('92140421712'),('92140833942'),('92142465889'),('92147671701'),('92165445453'),('92167262921'),('92177215664'),('92196094727'),('92197866457'),('92216000895'),('92245643809'),('92307212289'),('92315239803'),('92358829118'),('92359205885'),('92377490739'),('92383059742'),('92391687013'),('92402016909'),('92414029099'),('92470463010'),('92494237247'),('92495010189'),('92495805212'),('92512605283'),('92530620382'),('92550174527'),('92552836835'),('92555041337'),('92561492777'),('92566842522'),('92576400775'),('92577076671'),('92597248780'),('92632182058'),('92638842607'),('92659663854'),('92665685335'),('92673699438'),('92680863298'),('92684038776'),('92716881248'),('92736476060'),('92805060409'),('92814762041'),('92871088556'),('92875845586'),('92881401617'),('92917063898'),('92941048567'),('92941472409'),('92964617311'),('92973600226'),('93169264199'),('93172254786'),('93173082262'),('93211045360'),('93265604844'),('93272810884'),('93275465795'),('93287092042'),('93311264238'),('93349247061'),('93362608417'),('93425484544'),('93425651583'),('93430440626'),('93438276727'),('93444899585'),('93453658663'),('93453826003'),('93464647801'),('93481623501'),('93483669792'),('93494568883'),('93499090601'),('93513636033'),('93528031725'),('93571014165'),('93614225261'),('93632625560'),('93678829046'),('93687054714'),('93714211311'),('93715295740'),('93730035818'),('93752840201'),('93774429844'),('93800369324'),('93823455702'),('93838202846'),('93878650459'),('93884275335'),('93962027198'),('93989239019'),('94028720435'),('94084214223'),('94084694004'),('94088402901'),('94094143116'),('94101858391'),('94197491641'),('94229091504'),('94242296011'),('94248209029'),('94254330736'),('94296250552'),('94322030214'),('94330028952'),('94349815619'),('94378214220'),('94378679528'),('94380489095'),('94388050968'),('94393449629'),('94398417093'),('94425222624'),('94448263734'),('94526846542'),('94532222148'),('94541434141'),('94546865106'),('94573651499'),('94584231073'),('94589481016'),('94624482762'),('94627623200'),('94629435275'),('94671290746'),('94681899519'),('94703232954'),('94752255118'),('94759070660'),('94768479526'),('94773609137'),('94805030336'),('94809655311'),('94811446684'),('94813241450'),('94818261792'),('94828273369'),('94840848175'),('94842276669'),('94844280846'),('94848164615'),('94854929366'),('94891658820'),('94901012531'),('94949282665'),('94997039644'),('95035258961'),('95063672501'),('95073480806'),('95079404746'),('95120605804'),('95144128483'),('95180813938'),('95188275408'),('95190167001'),('95205489838'),('95211011721'),('95246644696'),('95247044350'),('95255224128'),('95280278367'),('95284412570'),('95285625782'),('95316024705'),('95335845477'),('95345028053'),('95367056776'),('95371477570'),('95396052584'),('95428916956'),('95439854487'),('95455492549'),('95461867063'),('95462252442'),('95551402113'),('95580298373'),('95587484076'),('95597462685'),('95651833441'),('95681021643'),('95691264502'),('95705096741'),('95719095405'),('95769258039'),('95840260913'),('95910833251'),('95948208837'),('95960490812'),('95967299282'),('95977486882'),('95984891370'),('96001200200'),('96011068598'),('96044686516'),('96086611120'),('96107632081'),('96112046549'),('96113675098'),('96125251560'),('96156661879'),('96177237132'),('96182038834'),('96182097682'),('96196039010'),('96216878049'),('96226434901'),('96233498144'),('96261413822'),('96276858704'),('96281293008'),('96283479626'),('96299482161'),('96304607874'),('96307085831'),('96307688318'),('96348487779'),('96357641894'),('96361624207'),('96366654629'),('96382272047'),('96426004340'),('96427628366'),('96461098426'),('96464348816'),('96472228270'),('96491807964'),('96528206820'),('96532671112'),('96536436264'),('96573282704'),('96651032612'),('96675430188'),('96685805978'),('96694034400'),('96731424398'),('96756499538'),('96758095554'),('96801824994'),('96812458660'),('96843076767'),('96848857649'),('96854048526'),('96861070177'),('96867230884'),('96920240276'),('96929075859'),('96936238048'),('96946676047'),('96982070880'),('97018068488'),('97020008264'),('97022804400'),('97031098269'),('97099246895'),('97112012863'),('97114859177'),('97116263928'),('97120635438'),('97136397206'),('97200097460'),('97209602476'),('97231812521'),('97236268817'),('97237408821'),('97258079295'),('97261660405'),('97308462014'),('97318037809'),('97358836792'),('97368649291'),('97396865618'),('97404810883'),('97407436624'),('97422601695'),('97468800111'),('97487059301'),('97494504056'),('97513879892'),('97539677363'),('97541093663'),('97567214947'),('97587647470'),('97594694023'),('97630890320'),('97632085045'),('97651264409'),('97677086059'),('97733005915'),('97757664995'),('97761289745'),('97766026036'),('97768201750'),('97838681799'),('97846270543'),('97853242747'),('97876654993'),('97933242093'),('97934636985'),('97947416791'),('97949613157'),('97954659158'),('98006656449'),('98047842326'),('98083043966'),('98089029940'),('98089653855'),('98190627526'),('98236826730'),('98251429182'),('98251855547'),('98261824883'),('98266292218'),('98276864958'),('98287227793'),('98347471842'),('98355225523'),('98370461979'),('98385282213'),('98406160630'),('98421022838'),('98435647437'),('98504652923'),('98505424340'),('98513038818'),('98517465171'),('98566078178'),('98571079087'),('98585219189'),('98600795997'),('98608463629'),('98641291409'),('98643428561'),('98658010126'),('98659854548'),('98667265723'),('98671677123'),('98702036006'),('98717675389'),('98718867857'),('98772817587'),('98787491747'),('98792321725'),('98830638069'),('98836652921'),('98863631588'),('98884205550'),('98897298013'),('98971441242'),('98974621966'),('98978097759'),('98990277242'),('98994038365'),('98994836898'),('99010472414'),('99027426788'),('99038061300'),('99053469191'),('99065491332'),('99070661550'),('99091001111'),('99105087991'),('99105602188'),('99119033975'),('99123260448'),('99143270102'),('99145236645'),('99164284542'),('99165699395'),('99221052310'),('99239694374'),('99242637535'),('99253623902'),('99274066162'),('99329867987'),('99357630726'),('99372461176'),('99388435555'),('99400682376'),('99404821915'),('99425417747'),('99458670834'),('99482657579'),('99486875748'),('99499220879'),('99509001061'),('99526850029'),('99529269665'),('99536628101'),('99543242044'),('99564076279'),('99582889867'),('99586845926'),('99587422585'),('99637277841'),('99677262105'),('99678867670'),('99680285299'),('99681895824'),('99685441683'),('99686597204');
/*!40000 ALTER TABLE `aktif` ENABLE KEYS */;
UNLOCK TABLES;

--
-- Table structure for table `alim`
--

DROP TABLE IF EXISTS `alim`;
/*!40101 SET @saved_cs_client     = @@character_set_client */;
/*!50503 SET character_set_client = utf8mb4 */;
CREATE TABLE `alim` (
  `GIDER_ID` int NOT NULL,
  `MALZEME_ID` int NOT NULL,
  PRIMARY KEY (`GIDER_ID`,`MALZEME_ID`),
  KEY `MALZEME_ID` (`MALZEME_ID`),
  CONSTRAINT `alim_ibfk_1` FOREIGN KEY (`GIDER_ID`) REFERENCES `gider` (`GIDER_ID`),
  CONSTRAINT `alim_ibfk_2` FOREIGN KEY (`MALZEME_ID`) REFERENCES `malzeme` (`MALZEME_ID`)
) ENGINE=InnoDB DEFAULT CHARSET=utf8mb4 COLLATE=utf8mb4_0900_ai_ci;
/*!40101 SET character_set_client = @saved_cs_client */;

--
-- Dumping data for table `alim`
--

LOCK TABLES `alim` WRITE;
/*!40000 ALTER TABLE `alim` DISABLE KEYS */;
INSERT INTO `alim` VALUES (8,1),(9,2);
/*!40000 ALTER TABLE `alim` ENABLE KEYS */;
UNLOCK TABLES;

--
-- Table structure for table `calisan`
--

DROP TABLE IF EXISTS `calisan`;
/*!40101 SET @saved_cs_client     = @@character_set_client */;
/*!50503 SET character_set_client = utf8mb4 */;
CREATE TABLE `calisan` (
  `TC_NO` char(11) NOT NULL,
  `ISIM` varchar(25) NOT NULL,
  `SOYISIM` varchar(25) NOT NULL,
  `ADRES` varchar(100) DEFAULT NULL,
  `TEL_NO` varchar(10) NOT NULL,
  `E_POSTA` varchar(50) DEFAULT NULL,
  PRIMARY KEY (`TC_NO`)
) ENGINE=InnoDB DEFAULT CHARSET=utf8mb4 COLLATE=utf8mb4_0900_ai_ci;
/*!40101 SET character_set_client = @saved_cs_client */;

--
-- Dumping data for table `calisan`
--

LOCK TABLES `calisan` WRITE;
/*!40000 ALTER TABLE `calisan` DISABLE KEYS */;
INSERT INTO `calisan` VALUES ('10000000001','Ali','Kaya','İstanbul','5000000001','ali.kaya@example.com'),('10000000002','Ayşe','Demir','Ankara','5000000002','ayse.demir@example.com'),('10000000003','Mehmet','Yılmaz','İzmir','5000000003','mehmet.yilmaz@example.com'),('10000000004','Elif','Öztürk','Bursa','5000000004','elif.ozturk@example.com'),('10000000005','Ahmet','Çelik','Antalya','5000000005','ahmet.celik@example.com'),('10000000006','Zeynep','Arslan','Samsun','5000000006','zeynep.arslan@example.com'),('10000000007','Fatma','Tekin','Trabzon','5000000007','fatma.tekin@example.com'),('10000000008','Murat','Korkmaz','Eskişehir','5000000008','murat.korkmaz@example.com'),('10000000009','Emre','Aslan','Diyarbakır','5000000009','emre.aslan@example.com'),('10000000010','Büşra','Kurt','Konya','5000000010','busra.kurt@example.com'),('10000000011','Cem','Özdemir','Gaziantep','5000000011','cem.ozdemir@example.com'),('10000000012','Seda','Akman','Şanlıurfa','5000000012','seda.akman@example.com'),('10000000013','Kerem','Varol','Mardin','5000000013','kerem.varol@example.com'),('10000000014','Derya','Kılıç','Malatya','5000000014','derya.kilic@example.com'),('10000000015','Oğuz Kaan','Oselmis','Denizli','5000000015','oguz.kara@example.com'),('10000000016','Gulce Su','Unal','Bursa','5000000015','gulce@example.com'),('10000000017','Zeynep','Kansu','Ankara','5000000016','zeynep@example.com'),('99692083949','Ettie','Eslick','EttieEslick','9969283949','99692083949@mail.com'),('99711837451','Coy','Keefe','CoyKeefe','9971183451','99711837451@mail.com'),('99714879580','Marietta','Brain','MariettaBrain','9971879580','99714879580@mail.com'),('99733809439','Zona','Dooley','ZonaDooley','9973380439','99733809439@mail.com'),('99757289483','Bernie','Dick','BernieDick','9975728483','99757289483@mail.com'),('99764891827','Camilla','Beattie','CamillaBeattie','9974891827','99764891827@mail.com'),('99775401280','Aloysius','Chappell','AloysiusChappell','9977401280','99775401280@mail.com'),('99791881020','Emily','Sands','EmilySands','9979181020','99791881020@mail.com'),('99816831961','Dewitt','Emmett','DewittEmmett','9981631961','99816831961@mail.com'),('99818087007','Besse','Reay','BesseReay','9981808007','99818087007@mail.com'),('99824632595','Ila','Lowis','IlaLowis','9982463255','99824632595@mail.com'),('99844651646','Tempie','Falconer','TempieFalconer','9984465166','99844651646@mail.com'),('99852882766','Dock','Eastaugh','DockEastaugh','9985288276','99852882766@mail.com'),('99868232910','Doshie','Mcauley','DoshieMcauley','9986823210','99868232910@mail.com'),('99868460058','Enos','Forth','EnosForth','9986846008','99868460058@mail.com'),('99923693772','Tessie','Warner','TessieWarner','9992369372','99923693772@mail.com'),('99926802237','Alfred','Legge','AlfredLegge','9992680227','99926802237@mail.com'),('99932435384','Celina','Ducon','CelinaDucon','9993243538','99932435384@mail.com'),('99946401251','Maryann','North','MaryannNorth','9994640125','99946401251@mail.com'),('99965076379','Ray','Norgrove','RayNorgrove','9996507637','99965076379@mail.com'),('99970253042','Abbott','Ketley','AbbottKetley','9997025304','99970253042@mail.com'),('99999285025','Christopher','Easdale','ChristopherEasdale','9999928502','99999285025@mail.com');
/*!40000 ALTER TABLE `calisan` ENABLE KEYS */;
UNLOCK TABLES;

--
-- Table structure for table `ders`
--

DROP TABLE IF EXISTS `ders`;
/*!40101 SET @saved_cs_client     = @@character_set_client */;
/*!50503 SET character_set_client = utf8mb4 */;
CREATE TABLE `ders` (
  `DERS_ID` int NOT NULL AUTO_INCREMENT,
  `DERS_ADI` varchar(15) NOT NULL,
  `DERS_SAATI` int NOT NULL,
  PRIMARY KEY (`DERS_ID`)
) ENGINE=InnoDB AUTO_INCREMENT=10 DEFAULT CHARSET=utf8mb4 COLLATE=utf8mb4_0900_ai_ci;
/*!40101 SET character_set_client = @saved_cs_client */;

--
-- Dumping data for table `ders`
--

LOCK TABLES `ders` WRITE;
/*!40000 ALTER TABLE `ders` DISABLE KEYS */;
INSERT INTO `ders` VALUES (1,'Matematik',6),(2,'Fizik',4),(3,'Kimya',4),(4,'Biyoloji',3),(5,'Tarih',3),(6,'Coğrafya',2),(7,'Edebiyat',4),(8,'Geometri',3),(9,'Felsefe',2);
/*!40000 ALTER TABLE `ders` ENABLE KEYS */;
UNLOCK TABLES;

--
-- Table structure for table `ders_sube`
--

DROP TABLE IF EXISTS `ders_sube`;
/*!40101 SET @saved_cs_client     = @@character_set_client */;
/*!50503 SET character_set_client = utf8mb4 */;
CREATE TABLE `ders_sube` (
  `SUBE_ID` int NOT NULL,
  `DERS_ID` int NOT NULL,
  PRIMARY KEY (`SUBE_ID`),
  KEY `DERS_ID` (`DERS_ID`),
  CONSTRAINT `ders_sube_ibfk_1` FOREIGN KEY (`SUBE_ID`) REFERENCES `sube` (`SUBE_ID`),
  CONSTRAINT `ders_sube_ibfk_2` FOREIGN KEY (`DERS_ID`) REFERENCES `ders` (`DERS_ID`)
) ENGINE=InnoDB DEFAULT CHARSET=utf8mb4 COLLATE=utf8mb4_0900_ai_ci;
/*!40101 SET character_set_client = @saved_cs_client */;

--
-- Dumping data for table `ders_sube`
--

LOCK TABLES `ders_sube` WRITE;
/*!40000 ALTER TABLE `ders_sube` DISABLE KEYS */;
INSERT INTO `ders_sube` VALUES (1,1),(2,2),(3,3),(4,4),(5,5),(6,6),(7,7),(8,8),(9,9);
/*!40000 ALTER TABLE `ders_sube` ENABLE KEYS */;
UNLOCK TABLES;

--
-- Table structure for table `full_timer`
--

DROP TABLE IF EXISTS `full_timer`;
/*!40101 SET @saved_cs_client     = @@character_set_client */;
/*!50503 SET character_set_client = utf8mb4 */;
CREATE TABLE `full_timer` (
  `TC_NO` char(11) NOT NULL,
  `MAAS` int NOT NULL,
  PRIMARY KEY (`TC_NO`),
  CONSTRAINT `full_timer_ibfk_1` FOREIGN KEY (`TC_NO`) REFERENCES `calisan` (`TC_NO`) ON DELETE CASCADE
) ENGINE=InnoDB DEFAULT CHARSET=utf8mb4 COLLATE=utf8mb4_0900_ai_ci;
/*!40101 SET character_set_client = @saved_cs_client */;

--
-- Dumping data for table `full_timer`
--

LOCK TABLES `full_timer` WRITE;
/*!40000 ALTER TABLE `full_timer` DISABLE KEYS */;
/*!40000 ALTER TABLE `full_timer` ENABLE KEYS */;
UNLOCK TABLES;

--
-- Table structure for table `gider`
--

DROP TABLE IF EXISTS `gider`;
/*!40101 SET @saved_cs_client     = @@character_set_client */;
/*!50503 SET character_set_client = utf8mb4 */;
CREATE TABLE `gider` (
  `GIDER_ID` int NOT NULL AUTO_INCREMENT,
  `GIDER_ADI` varchar(50) NOT NULL,
  `GIDER_TUTAR` int NOT NULL,
  `GIDER_TARIH` date NOT NULL,
  `GIDER_SABIT_MI` tinyint(1) NOT NULL,
  PRIMARY KEY (`GIDER_ID`)
) ENGINE=InnoDB AUTO_INCREMENT=19 DEFAULT CHARSET=utf8mb4 COLLATE=utf8mb4_0900_ai_ci;
/*!40101 SET character_set_client = @saved_cs_client */;

--
-- Dumping data for table `gider`
--

LOCK TABLES `gider` WRITE;
/*!40000 ALTER TABLE `gider` DISABLE KEYS */;
INSERT INTO `gider` VALUES (1,'Elektrik Faturası',121,'2023-01-15',1),(2,'Su Faturası',45,'2023-02-10',1),(3,'İnternet Faturası',75,'2023-03-05',1),(4,'Kira Ödemesi',1500,'2023-01-01',1),(5,'Market Alışverişi',201,'2023-02-25',0),(6,'Fotokopi ',91,'2023-03-18',0),(7,'Ulaşım Masrafı',50,'2023-04-10',0),(8,'Kalem',200,'2023-05-15',0),(9,'Kitap Alımı',500,'2023-06-12',0),(10,'Telefon Faturası',60,'2023-07-07',1),(11,'Elektrik',3000,'2024-11-30',1),(12,'Yıllık Çalışan Ödemesi',100000,'2024-01-01',1),(13,'Yıllık Çalışan Ödemesi - 2023',75000,'2023-01-01',1),(14,'Ulaşım Masrafı',30000,'2024-12-11',1),(15,'Okul Tanıtımı Masrafı',19000,'2024-09-17',1),(16,'Tanıtım Çalışmaları 2023',5000,'2023-08-11',1),(17,'Su Faturası',15400,'2024-12-16',1),(18,'Kalem',10,'2024-12-18',1);
/*!40000 ALTER TABLE `gider` ENABLE KEYS */;
UNLOCK TABLES;

--
-- Table structure for table `idari`
--

DROP TABLE IF EXISTS `idari`;
/*!40101 SET @saved_cs_client     = @@character_set_client */;
/*!50503 SET character_set_client = utf8mb4 */;
CREATE TABLE `idari` (
  `TC_NO` char(11) NOT NULL,
  PRIMARY KEY (`TC_NO`),
  CONSTRAINT `idari_ibfk_1` FOREIGN KEY (`TC_NO`) REFERENCES `calisan` (`TC_NO`)
) ENGINE=InnoDB DEFAULT CHARSET=utf8mb4 COLLATE=utf8mb4_0900_ai_ci;
/*!40101 SET character_set_client = @saved_cs_client */;

--
-- Dumping data for table `idari`
--

LOCK TABLES `idari` WRITE;
/*!40000 ALTER TABLE `idari` DISABLE KEYS */;
INSERT INTO `idari` VALUES ('99923693772'),('99926802237');
/*!40000 ALTER TABLE `idari` ENABLE KEYS */;
UNLOCK TABLES;

--
-- Table structure for table `malzeme`
--

DROP TABLE IF EXISTS `malzeme`;
/*!40101 SET @saved_cs_client     = @@character_set_client */;
/*!50503 SET character_set_client = utf8mb4 */;
CREATE TABLE `malzeme` (
  `MALZEME_ID` int NOT NULL AUTO_INCREMENT,
  `MALZEME_ADI` varchar(15) NOT NULL,
  `STOK` int NOT NULL,
  `MALZEME_BIRIM` varchar(10) NOT NULL,
  PRIMARY KEY (`MALZEME_ID`)
) ENGINE=InnoDB AUTO_INCREMENT=6 DEFAULT CHARSET=utf8mb4 COLLATE=utf8mb4_0900_ai_ci;
/*!40101 SET character_set_client = @saved_cs_client */;

--
-- Dumping data for table `malzeme`
--

LOCK TABLES `malzeme` WRITE;
/*!40000 ALTER TABLE `malzeme` DISABLE KEYS */;
INSERT INTO `malzeme` VALUES (1,'Kalem',100,'Adet'),(2,'Kitap',50,'Adet'),(3,'Projeksiyon',20,'Adet'),(4,'Bilgisayar ',25,'Adet'),(5,'Masa',15,'Adet');
/*!40000 ALTER TABLE `malzeme` ENABLE KEYS */;
UNLOCK TABLES;

--
-- Table structure for table `malzeme_kullanimi`
--

DROP TABLE IF EXISTS `malzeme_kullanimi`;
/*!40101 SET @saved_cs_client     = @@character_set_client */;
/*!50503 SET character_set_client = utf8mb4 */;
CREATE TABLE `malzeme_kullanimi` (
  `SUBE_ID` int NOT NULL,
  `MALZEME_ID` int NOT NULL,
  PRIMARY KEY (`SUBE_ID`,`MALZEME_ID`),
  KEY `MALZEME_ID` (`MALZEME_ID`),
  CONSTRAINT `malzeme_kullanimi_ibfk_1` FOREIGN KEY (`SUBE_ID`) REFERENCES `sube` (`SUBE_ID`),
  CONSTRAINT `malzeme_kullanimi_ibfk_2` FOREIGN KEY (`MALZEME_ID`) REFERENCES `malzeme` (`MALZEME_ID`)
) ENGINE=InnoDB DEFAULT CHARSET=utf8mb4 COLLATE=utf8mb4_0900_ai_ci;
/*!40101 SET character_set_client = @saved_cs_client */;

--
-- Dumping data for table `malzeme_kullanimi`
--

LOCK TABLES `malzeme_kullanimi` WRITE;
/*!40000 ALTER TABLE `malzeme_kullanimi` DISABLE KEYS */;
INSERT INTO `malzeme_kullanimi` VALUES (1,1),(2,1),(3,1),(4,1),(5,1),(1,2),(2,2),(3,2),(4,2);
/*!40000 ALTER TABLE `malzeme_kullanimi` ENABLE KEYS */;
UNLOCK TABLES;

--
-- Table structure for table `mezun`
--

DROP TABLE IF EXISTS `mezun`;
/*!40101 SET @saved_cs_client     = @@character_set_client */;
/*!50503 SET character_set_client = utf8mb4 */;
CREATE TABLE `mezun` (
  `TC_NO` char(11) NOT NULL,
  `MEZUNIYET_TARIHI` year NOT NULL,
  PRIMARY KEY (`TC_NO`),
  CONSTRAINT `mezun_ibfk_1` FOREIGN KEY (`TC_NO`) REFERENCES `ogrenci` (`TC_NO`)
) ENGINE=InnoDB DEFAULT CHARSET=utf8mb4 COLLATE=utf8mb4_0900_ai_ci;
/*!40101 SET character_set_client = @saved_cs_client */;

--
-- Dumping data for table `mezun`
--

LOCK TABLES `mezun` WRITE;
/*!40000 ALTER TABLE `mezun` DISABLE KEYS */;
INSERT INTO `mezun` VALUES ('80450260926',2005),('80457280438',2008),('80482253156',2010),('80485609383',2007),('80493853592',2006),('80508879862',2003),('80568682825',2002),('80583680594',2009),('80586060924',2004),('80591467965',2001),('80595857317',2008),('80628487120',2000),('80628556046',2003),('80647201766',2002),('80660070111',2006),('80660474467',2007),('80677402522',2009),('80708210925',2010),('80743890690',2004),('80752875477',2005),('80767276504',2006),('80772472700',2003),('80782698840',2002),('80784099888',2008),('80796641295',2001),('80803079353',2005),('80810453531',2009),('80843296636',2000),('80855871855',2004),('80867047655',2003),('80876897271',2002),('80877280939',2001),('80881434932',2010),('80883876398',2009),('80886832613',2007),('80886898485',2006),('80894801899',2005),('80905038121',2004),('80921281236',2002),('80921460620',2003),('80929041084',2001),('80947298595',2000),('80949441217',2007),('80952411707',2006),('80975056844',2009),('80978610208',2005),('81020848219',2008),('81029213829',2010),('81033883344',2004),('81053030825',2003),('81109018140',2002),('81110232087',2007),('81134214636',2001),('81134885031',2006),('81139228846',2008),('81147216110',2009),('81152136630',2000),('81165241950',2004),('81165254938',2003),('81178471986',2002),('81212629258',2007),('81221229107',2006),('81223080982',2001),('81236482255',2010),('81263641502',2009),('81301274967',2008),('81304605460',2000),('81305061003',2004),('81340805251',2003),('81418269804',2002),('81432636376',2007),('81439867216',2006),('81443628640',2005),('81444412399',2004),('81445699319',2003),('81464453681',2002),('81470008319',2001),('81488811587',2000),('81522018172',2010),('81558468392',2009),('81589073495',2008),('81605075946',2007),('81613820453',2006),('81616561090',2005),('81661667065',2004),('81670098300',2003),('81677429122',2002),('81682973366',2001),('81683401588',2000),('81683652031',2009),('81702460328',2008),('81730408154',2007),('81753297907',2006),('81762663993',2005),('81765414852',2004),('81844478770',2003),('81860024852',2002),('81867875427',2001),('81876448786',2000),('81885420178',2010);
/*!40000 ALTER TABLE `mezun` ENABLE KEYS */;
UNLOCK TABLES;

--
-- Table structure for table `ogrenci`
--

DROP TABLE IF EXISTS `ogrenci`;
/*!40101 SET @saved_cs_client     = @@character_set_client */;
/*!50503 SET character_set_client = utf8mb4 */;
CREATE TABLE `ogrenci` (
  `TC_NO` char(11) NOT NULL,
  `ISIM` varchar(25) NOT NULL,
  `SOYISIM` varchar(25) NOT NULL,
  `ADRES` varchar(100) DEFAULT NULL,
  `TEL_NO` varchar(11) NOT NULL,
  `E_POSTA` varchar(50) DEFAULT NULL,
  `DOGUM_YILI` varchar(10) DEFAULT NULL,
  PRIMARY KEY (`TC_NO`)
) ENGINE=InnoDB DEFAULT CHARSET=utf8mb4 COLLATE=utf8mb4_0900_ai_ci;
/*!40101 SET character_set_client = @saved_cs_client */;

--
-- Dumping data for table `ogrenci`
--

LOCK TABLES `ogrenci` WRITE;
/*!40000 ALTER TABLE `ogrenci` DISABLE KEYS */;
INSERT INTO `ogrenci` VALUES ('23145678966','Fatih','Bayazıt',' TOBB','5467891234','fatih@etu.edu.tr','undefined'),('80450260926','Eddie','Hurst',NULL,'80450260926','80450260926@mail.com','2008'),('80457280438','Lawyer','Loat',NULL,'80457280438','80457280438@mail.com','2008'),('80482253156','Libbie','Goulding',NULL,'80482253156','80482253156@mail.com','2006'),('80485609383','Helene','Evenden',NULL,'80485609383','80485609383@mail.com','2007'),('80493853592','Allen','Lawson',NULL,'80493853592','80493853592@mail.com','2005'),('80508879862','Sue','Picot',NULL,'80508879862','80508879862@mail.com','2009'),('80568682825','Wash','Davis',NULL,'80568682825','80568682825@mail.com','2004'),('80583680594','Rollie','Goldsworthy',NULL,'80583680594','80583680594@mail.com','2007'),('80586060924','Volney','Kellie',NULL,'80586060924','80586060924@mail.com','2005'),('80591467965','Luvenia','Alsop',NULL,'80591467965','80591467965@mail.com','2004'),('80595857317','Flem','Creasey',NULL,'80595857317','80595857317@mail.com','2003'),('80628487120','Agatha','Mctaggart',NULL,'80628487120','80628487120@mail.com','2009'),('80628556046','Scott','Aslam',NULL,'80628556046','80628556046@mail.com','2006'),('80647201766','Dorsey','Spicer',NULL,'80647201766','80647201766@mail.com','2003'),('80660070111','Delphia','Crocker',NULL,'80660070111','80660070111@mail.com','2005'),('80660474467','Pedro','Addis',NULL,'80660474467','80660474467@mail.com','2005'),('80677402522','Teresa','Whittingham',NULL,'80677402522','80677402522@mail.com','2008'),('80708210925','Katherine','Labbe',NULL,'80708210925','80708210925@mail.com','2009'),('80743890690','Debbie','Hatch',NULL,'80743890690','80743890690@mail.com','2010'),('80752875477','Arvilla','Mulligan',NULL,'80752875477','80752875477@mail.com','2004'),('80767276504','Georgianna','Myatt',NULL,'80767276504','80767276504@mail.com','2004'),('80772472700','Bella','Peat',NULL,'80772472700','80772472700@mail.com','2006'),('80782698840','Merton','Gilbert',NULL,'80782698840','80782698840@mail.com','2003'),('80784099888','Arvid','Knights',NULL,'80784099888','80784099888@mail.com','2009'),('80796641295','Marion','Dora',NULL,'80796641295','80796641295@mail.com','2007'),('80803079353','Yetta','Kaufman',NULL,'80803079353','80803079353@mail.com','2005'),('80810453531','Charley','Upsdell',NULL,'80810453531','80810453531@mail.com','2004'),('80843296636','Phillip','Aldred',NULL,'80843296636','80843296636@mail.com','2006'),('80855871855','Charles','Unwin',NULL,'80855871855','80855871855@mail.com','2008'),('80867047655','Lula','Packard',NULL,'80867047655','80867047655@mail.com','2004'),('80876897271','Lindsay','Rowlinson',NULL,'80876897271','80876897271@mail.com','2006'),('80877280939','Junious','Lovelock',NULL,'80877280939','80877280939@mail.com','2005'),('80881434932','Orie','Robe',NULL,'80881434932','80881434932@mail.com','2006'),('80883876398','Burley','Eales',NULL,'80883876398','80883876398@mail.com','2008'),('80886832613','Otto','Mcnally',NULL,'80886832613','80886832613@mail.com','2004'),('80886898485','George','Christy',NULL,'80886898485','80886898485@mail.com','2004'),('80894801899','Gideon','Harden',NULL,'80894801899','80894801899@mail.com','2005'),('80905038121','Aurora','Steward',NULL,'80905038121','80905038121@mail.com','2010'),('80921281236','Elwood','Wyer',NULL,'80921281236','80921281236@mail.com','2003'),('80921460620','Stewart','Oxby',NULL,'80921460620','80921460620@mail.com','2008'),('80929041084','Lissie','Vickars',NULL,'80929041084','80929041084@mail.com','2005'),('80947298595','Melvina','Keable',NULL,'80947298595','80947298595@mail.com','2007'),('80949441217','Clinton','Docherty',NULL,'80949441217','80949441217@mail.com','2009'),('80952411707','Abner','Egerton',NULL,'80952411707','80952411707@mail.com','2007'),('80975056844','Manly','Purse',NULL,'80975056844','80975056844@mail.com','2003'),('80978610208','Abraham','Wintersgill',NULL,'80978610208','80978610208@mail.com','2005'),('81020848219','Clyde','Tatlow',NULL,'81020848219','81020848219@mail.com','2005'),('81029213829','Abe','Astle',NULL,'81029213829','81029213829@mail.com','2003'),('81033883344','Hunter','Gladwell',NULL,'81033883344','81033883344@mail.com','2005'),('81053030825','Margie','Hedley',NULL,'81053030825','81053030825@mail.com','2009'),('81109018140','Myron','Leedham',NULL,'81109018140','81109018140@mail.com','2005'),('81110232087','Mammie','Till',NULL,'81110232087','81110232087@mail.com','2009'),('81134214636','Cecile','Dobson',NULL,'81134214636','81134214636@mail.com','2009'),('81134885031','Janie','Mair',NULL,'81134885031','81134885031@mail.com','2005'),('81139228846','Almon','Goodchild',NULL,'81139228846','81139228846@mail.com','2005'),('81147216110','Lem','Marriott',NULL,'81147216110','81147216110@mail.com','2007'),('81152136630','Hezekiah','Adkins',NULL,'81152136630','81152136630@mail.com','2003'),('81165241950','Oliver','Attewell',NULL,'81165241950','81165241950@mail.com','2009'),('81165254938','Claude','Loughran',NULL,'81165254938','81165254938@mail.com','2003'),('81178471986','Wanda','Cummins',NULL,'81178471986','81178471986@mail.com','2006'),('81212629258','Iola','Couch',NULL,'81212629258','81212629258@mail.com','2007'),('81221229107','Ross','Richards',NULL,'81221229107','81221229107@mail.com','2004'),('81223080982','Ivy','Prevost',NULL,'81223080982','81223080982@mail.com','2003'),('81236482255','Donna','Tollis',NULL,'81236482255','81236482255@mail.com','2005'),('81263641502','Rella','Sharp',NULL,'81263641502','81263641502@mail.com','2005'),('81301274967','Lila','Finlay',NULL,'81301274967','81301274967@mail.com','2007'),('81304605460','Ervin','Drury',NULL,'81304605460','81304605460@mail.com','2008'),('81305061003','Cora','Ashdown',NULL,'81305061003','81305061003@mail.com','2003'),('81340805251','Marian','Eilers',NULL,'81340805251','81340805251@mail.com','2008'),('81418269804','Lorin','Jerome',NULL,'81418269804','81418269804@mail.com','2004'),('81432636376','Lea','Newall',NULL,'81432636376','81432636376@mail.com','2006'),('81439867216','Noel','Fenton',NULL,'81439867216','81439867216@mail.com','2008'),('81443628640','Eldridge','Durham',NULL,'81443628640','81443628640@mail.com','2005'),('81444412399','Flossie','Kinghorn',NULL,'81444412399','81444412399@mail.com','2005'),('81445699319','Lina','Neighbour',NULL,'81445699319','81445699319@mail.com','2008'),('81464453681','Hollis','Shelton',NULL,'81464453681','81464453681@mail.com','2009'),('81470008319','Willian','Sanders',NULL,'81470008319','81470008319@mail.com','2008'),('81488811587','Jeremiah','Adlam',NULL,'81488811587','81488811587@mail.com','2005'),('81522018172','Annabelle','Wareing',NULL,'81522018172','81522018172@mail.com','2010'),('81558468392','Percival','Cairns',NULL,'81558468392','81558468392@mail.com','2009'),('81589073495','Ruthie','Water',NULL,'81589073495','81589073495@mail.com','2009'),('81605075946','Oscar','Atherley',NULL,'81605075946','81605075946@mail.com','2008'),('81613820453','Terry','Timney',NULL,'81613820453','81613820453@mail.com','2010'),('81616561090','Nolie','Odling',NULL,'81616561090','81616561090@mail.com','2005'),('81661667065','Joella','Guinard',NULL,'81661667065','81661667065@mail.com','2003'),('81670098300','Ambrose','Noon',NULL,'81670098300','81670098300@mail.com','2003'),('81677429122','Ellar','Donald',NULL,'81677429122','81677429122@mail.com','2010'),('81682973366','Isadore','Froy',NULL,'81682973366','81682973366@mail.com','2010'),('81683401588','Wendell','Meakin',NULL,'81683401588','81683401588@mail.com','2010'),('81683652031','Mark','Bird',NULL,'81683652031','81683652031@mail.com','2006'),('81702460328','Justice','Fraser',NULL,'81702460328','81702460328@mail.com','2007'),('81730408154','Emmet','Dawkins',NULL,'81730408154','81730408154@mail.com','2010'),('81753297907','Jannie','Snow',NULL,'81753297907','81753297907@mail.com','2005'),('81762663993','Amelia','Frankish',NULL,'81762663993','81762663993@mail.com','2006'),('81765414852','Texas','Macrae',NULL,'81765414852','81765414852@mail.com','2008'),('81844478770','Jodie','Simms',NULL,'81844478770','81844478770@mail.com','2008'),('81860024852','Noble','Fosse',NULL,'81860024852','81860024852@mail.com','2003'),('81867875427','Cyril','Atherstone',NULL,'81867875427','81867875427@mail.com','2005'),('81876448786','Eda','Yates',NULL,'81876448786','81876448786@mail.com','2005'),('81885420178','Bishop','Vernon',NULL,'81885420178','81885420178@mail.com','2005'),('90595699693','Magdalene','Wilton',NULL,'90595699693','90595699693@mail.com','2004'),('90620793339','Merritt','Yeadon',NULL,'90620793339','90620793339@mail.com','2003'),('90640016930','Leitha','Cotton',NULL,'90640016930','90640016930@mail.com','2009'),('90643608404','Nena','Langford',NULL,'90643608404','90643608404@mail.com','2005'),('90652273686','Orilla','Wallis',NULL,'90652273686','90652273686@mail.com','2007'),('90701654680','Edgar','Verney',NULL,'90701654680','90701654680@mail.com','2008'),('90701655266','Bernie','Turrell',NULL,'90701655266','90701655266@mail.com','2007'),('90710698329','Debbie','Holland',NULL,'90710698329','90710698329@mail.com','2006'),('90721898976','Isabell','Crossland',NULL,'90721898976','90721898976@mail.com','2006'),('90722932605','Cornelius','Govender',NULL,'90722932605','90722932605@mail.com','2004'),('90751684938','Annie','Garland',NULL,'90751684938','90751684938@mail.com','2007'),('90756086097','Marshall','Drabble',NULL,'90756086097','90756086097@mail.com','2010'),('90764975972','Harris','Umney',NULL,'90764975972','90764975972@mail.com','2004'),('90776022022','Flem','York',NULL,'90776022022','90776022022@mail.com','2008'),('90786654467','Blaine','Hallett',NULL,'90786654467','90786654467@mail.com','2008'),('90793024789','Clemmie','Radford',NULL,'90793024789','90793024789@mail.com','2007'),('90820049490','Hermon','Seddon',NULL,'90820049490','90820049490@mail.com','2003'),('90827871180','Mabel','Neyland',NULL,'90827871180','90827871180@mail.com','2008'),('90834482502','Alf','Beech',NULL,'90834482502','90834482502@mail.com','2004'),('90840696953','Reba','Inker',NULL,'90840696953','90840696953@mail.com','2004'),('90856053697','Daisie','Staff',NULL,'90856053697','90856053697@mail.com','2010'),('90862843210','Louise','Wilde',NULL,'90862843210','90862843210@mail.com','2008'),('90894424766','Bonnie','Jukes',NULL,'90894424766','90894424766@mail.com','2008'),('90931805280','Ples','Phipps',NULL,'90931805280','90931805280@mail.com','2003'),('90932013051','Leander','Kaddour',NULL,'90932013051','90932013051@mail.com','2008'),('90952861644','Neva','Adey',NULL,'90952861644','90952861644@mail.com','2007'),('90966804751','Minor','Mawson',NULL,'90966804751','90966804751@mail.com','2008'),('91000860039','Belle','Rousset',NULL,'91000860039','91000860039@mail.com','2007'),('91006630557','Garry','Kirkman',NULL,'91006630557','91006630557@mail.com','2006'),('91009645783','Eben','Sawyer',NULL,'91009645783','91009645783@mail.com','2003'),('91022218489','Delos','Carling',NULL,'91022218489','91022218489@mail.com','2010'),('91098235678','Maymie','Fern',NULL,'91098235678','91098235678@mail.com','2004'),('91115457476','Ivah','Iles',NULL,'91115457476','91115457476@mail.com','2005'),('91118609653','Therese','Forshaw',NULL,'91118609653','91118609653@mail.com','2009'),('91131496072','Lewie','Irwin',NULL,'91131496072','91131496072@mail.com','2006'),('91150495615','Lanie','Leigh',NULL,'91150495615','91150495615@mail.com','2006'),('91156066140','Althea','Childs',NULL,'91156066140','91156066140@mail.com','2007'),('91180246261','Clint','Overfield',NULL,'91180246261','91180246261@mail.com','2003'),('91205277673','Hazel','Antram',NULL,'91205277673','91205277673@mail.com','2004'),('91206260751','Nan','Pierce',NULL,'91206260751','91206260751@mail.com','2006'),('91227216082','Mozella','Youssouf',NULL,'91227216082','91227216082@mail.com','2005'),('91228469870','Susanna','Butt',NULL,'91228469870','91228469870@mail.com','2009'),('91236836179','Gilbert','Gillies',NULL,'91236836179','91236836179@mail.com','2009'),('91244061987','America','Waterson',NULL,'91244061987','91244061987@mail.com','2004'),('91244892076','Robert','Jermy',NULL,'91244892076','91244892076@mail.com','2004'),('91245450772','Loran','Orritt',NULL,'91245450772','91245450772@mail.com','2010'),('91278265778','Elizabeth','Finch',NULL,'91278265778','91278265778@mail.com','2003'),('91286877925','Leana','Boon',NULL,'91286877925','91286877925@mail.com','2009'),('91373840447','Augustine','Foxall',NULL,'91373840447','91373840447@mail.com','2009'),('91381057074','Doris','Gibbon',NULL,'91381057074','91381057074@mail.com','2004'),('91384006011','Sybilla','Oliver',NULL,'91384006011','91384006011@mail.com','2008'),('91391091027','Lulu','Lovelock',NULL,'91391091027','91391091027@mail.com','2004'),('91399000209','Benjamine','Schmidt',NULL,'91399000209','91399000209@mail.com','2010'),('91424052223','Leonie','Wainwright',NULL,'91424052223','91424052223@mail.com','2008'),('91425630901','Walton','Daniells',NULL,'91425630901','91425630901@mail.com','2006'),('91456684339','Alva','Knott',NULL,'91456684339','91456684339@mail.com','2007'),('91462676661','Tina','Pinder',NULL,'91462676661','91462676661@mail.com','2009'),('91464259071','Corda','Cousins',NULL,'91464259071','91464259071@mail.com','2008'),('91542986683','Anita','Blundell',NULL,'91542986683','91542986683@mail.com','2006'),('91586068286','Lillian','Brooke',NULL,'91586068286','91586068286@mail.com','2010'),('91647679534','Percival','Leedham',NULL,'91647679534','91647679534@mail.com','2007'),('91672600859','Tilden','Arnall',NULL,'91672600859','91672600859@mail.com','2003'),('91693851587','Nelson','Clements',NULL,'91693851587','91693851587@mail.com','2004'),('91733035755','Arvid','Cherry',NULL,'91733035755','91733035755@mail.com','2009'),('91772497003','Roberta','Toomey',NULL,'91772497003','91772497003@mail.com','2005'),('91796402260','Mabelle','Barton',NULL,'91796402260','91796402260@mail.com','2005'),('91829614203','Eleanora','Taggart',NULL,'91829614203','91829614203@mail.com','2004'),('91838856309','Clinton','Jevons',NULL,'91838856309','91838856309@mail.com','2008'),('91851020737','Lilla','Richardson',NULL,'91851020737','91851020737@mail.com','2007'),('91859029877','Michael','Elsmore',NULL,'91859029877','91859029877@mail.com','2009'),('91874429509','Oda','Bristow',NULL,'91874429509','91874429509@mail.com','2007'),('91881035947','Alex','Fothergill',NULL,'91881035947','91881035947@mail.com','2006'),('91885835721','Theresa','Sylvester',NULL,'91885835721','91885835721@mail.com','2010'),('91888436409','Clifton','Jeffreys',NULL,'91888436409','91888436409@mail.com','2006'),('91896018075','Zachariah','Veale',NULL,'91896018075','91896018075@mail.com','2004'),('91911236360','Rosalee','Tansley',NULL,'91911236360','91911236360@mail.com','2003'),('91913893911','Elzie','Rowan',NULL,'91913893911','91913893911@mail.com','2009'),('91927218277','Vern','Oldham',NULL,'91927218277','91927218277@mail.com','2006'),('91936843653','Mortimer','Kayes',NULL,'91936843653','91936843653@mail.com','2004'),('91959282857','Leonora','Perowne',NULL,'91959282857','91959282857@mail.com','2010'),('91963607669','Cornelious','Mcgregor',NULL,'91963607669','91963607669@mail.com','2007'),('91968251267','Magdalena','Yeates',NULL,'91968251267','91968251267@mail.com','2004'),('91984287190','Bird','Benson',NULL,'91984287190','91984287190@mail.com','2010'),('92011241597','Nolia','Hutchison',NULL,'92011241597','92011241597@mail.com','2004'),('92012636230','Sol','Lowe',NULL,'92012636230','92012636230@mail.com','2007'),('92018602565','Ruby','Redfern',NULL,'92018602565','92018602565@mail.com','2008'),('92021217639','Wanda','Sandison',NULL,'92021217639','92021217639@mail.com','2008'),('92058663112','Gwendolyn','Cosgrove',NULL,'92058663112','92058663112@mail.com','2006'),('92077694931','Emerson','Ogilvie',NULL,'92077694931','92077694931@mail.com','2003'),('92078688045','Melvina','Rumsey',NULL,'92078688045','92078688045@mail.com','2007'),('92086241417','Salomon','Norbert',NULL,'92086241417','92086241417@mail.com','2005'),('92100492390','Myrtie','Mahoney',NULL,'92100492390','92100492390@mail.com','2006'),('92119847836','Mame','Partridge',NULL,'92119847836','92119847836@mail.com','2003'),('92136055671','Charles','Napper',NULL,'92136055671','92136055671@mail.com','2007'),('92140421712','Leo','Stevens',NULL,'92140421712','92140421712@mail.com','2004'),('92140833942','Donna','Weeks',NULL,'92140833942','92140833942@mail.com','2007'),('92142465889','Allie','Oconnell',NULL,'92142465889','92142465889@mail.com','2010'),('92147671701','Nell','Broughton',NULL,'92147671701','92147671701@mail.com','2004'),('92165445453','Enrique','Ashford',NULL,'92165445453','92165445453@mail.com','2008'),('92167262921','Florence','Lynas',NULL,'92167262921','92167262921@mail.com','2007'),('92177215664','Toney','Poon',NULL,'92177215664','92177215664@mail.com','2006'),('92196094727','Hessie','Ranger',NULL,'92196094727','92196094727@mail.com','2005'),('92197866457','Mellie','Field',NULL,'92197866457','92197866457@mail.com','2006'),('92216000895','Norah','Langridge',NULL,'92216000895','92216000895@mail.com','2004'),('92245643809','Isa','Dunning',NULL,'92245643809','92245643809@mail.com','2006'),('92307212289','Beryl','Towns',NULL,'92307212289','92307212289@mail.com','2008'),('92315239803','Bertram','Faye',NULL,'92315239803','92315239803@mail.com','2005'),('92358829118','Rupert','Rankin',NULL,'92358829118','92358829118@mail.com','2005'),('92359205885','Theo','Hansen',NULL,'92359205885','92359205885@mail.com','2010'),('92377490739','Manuel','Caldwell',NULL,'92377490739','92377490739@mail.com','2010'),('92383059742','Nealie','Mclean',NULL,'92383059742','92383059742@mail.com','2005'),('92391687013','Bennie','Tisdall',NULL,'92391687013','92391687013@mail.com','2004'),('92402016909','Lorin','Geary',NULL,'92402016909','92402016909@mail.com','2006'),('92414029099','Isam','Pailing',NULL,'92414029099','92414029099@mail.com','2005'),('92470463010','Ford','Neale',NULL,'92470463010','92470463010@mail.com','2007'),('92494237247','Lee','Kone',NULL,'92494237247','92494237247@mail.com','2007'),('92495010189','Pedro','Llewellyn',NULL,'92495010189','92495010189@mail.com','2009'),('92495805212','Lizzie','Jarvis',NULL,'92495805212','92495805212@mail.com','2007'),('92512605283','Luther','Lenihan',NULL,'92512605283','92512605283@mail.com','2006'),('92530620382','Gustave','Koban',NULL,'92530620382','92530620382@mail.com','2008'),('92550174527','Lutie','Drake',NULL,'92550174527','92550174527@mail.com','2003'),('92552836835','Santos','Verell',NULL,'92552836835','92552836835@mail.com','2003'),('92555041337','Perley','Metcalf',NULL,'92555041337','92555041337@mail.com','2006'),('92561492777','Olen','Yeoman',NULL,'92561492777','92561492777@mail.com','2006'),('92566842522','Johnny','Palin',NULL,'92566842522','92566842522@mail.com','2010'),('92576400775','Tennie','Keighley',NULL,'92576400775','92576400775@mail.com','2005'),('92577076671','Watt','Nevins',NULL,'92577076671','92577076671@mail.com','2005'),('92597248780','Minda','Webber',NULL,'92597248780','92597248780@mail.com','2010'),('92632182058','Redden','Aitchison',NULL,'92632182058','92632182058@mail.com','2005'),('92638842607','Eldora','Cope',NULL,'92638842607','92638842607@mail.com','2005'),('92659663854','Vernie','Kidman',NULL,'92659663854','92659663854@mail.com','2006'),('92665685335','Milford','Naumann',NULL,'92665685335','92665685335@mail.com','2003'),('92673699438','Huey','Leaver',NULL,'92673699438','92673699438@mail.com','2010'),('92680863298','Abram','Long',NULL,'92680863298','92680863298@mail.com','2006'),('92684038776','Sanders','Watts',NULL,'92684038776','92684038776@mail.com','2004'),('92716881248','Amie','Eyres',NULL,'92716881248','92716881248@mail.com','2004'),('92736476060','Rafael','Warriner',NULL,'92736476060','92736476060@mail.com','2009'),('92805060409','Vesta','Tansey',NULL,'92805060409','92805060409@mail.com','2003'),('92814762041','Ella','Kelly',NULL,'92814762041','92814762041@mail.com','2007'),('92871088556','Vann','Wateridge',NULL,'92871088556','92871088556@mail.com','2004'),('92875845586','Artie','Arnett',NULL,'92875845586','92875845586@mail.com','2006'),('92881401617','Matthew','Nicks',NULL,'92881401617','92881401617@mail.com','2008'),('92917063898','Margie','Gemmell',NULL,'92917063898','92917063898@mail.com','2003'),('92941048567','Truman','Burns',NULL,'92941048567','92941048567@mail.com','2007'),('92941472409','Leona','Eskins',NULL,'92941472409','92941472409@mail.com','2005'),('92964617311','Parker','Mcdonagh',NULL,'92964617311','92964617311@mail.com','2006'),('92973600226','Oral','Reygan',NULL,'92973600226','92973600226@mail.com','2004'),('93169264199','Florance','Hall',NULL,'93169264199','93169264199@mail.com','2007'),('93172254786','Mammie','Barnard',NULL,'93172254786','93172254786@mail.com','2010'),('93173082262','Fern','Lyon',NULL,'93173082262','93173082262@mail.com','2003'),('93211045360','Altha','Bray',NULL,'93211045360','93211045360@mail.com','2004'),('93265604844','Janette','Lowry',NULL,'93265604844','93265604844@mail.com','2007'),('93272810884','Olga','Higgins',NULL,'93272810884','93272810884@mail.com','2003'),('93275465795','Vance','Patton',NULL,'93275465795','93275465795@mail.com','2007'),('93287092042','Alphonso','Wain',NULL,'93287092042','93287092042@mail.com','2003'),('93311264238','Nevada','Epton',NULL,'93311264238','93311264238@mail.com','2004'),('93349247061','Willis','Waterhouse',NULL,'93349247061','93349247061@mail.com','2008'),('93362608417','Newton','Omalley',NULL,'93362608417','93362608417@mail.com','2006'),('93425484544','Bernice','Parnaby',NULL,'93425484544','93425484544@mail.com','2008'),('93425651583','Robbie','Goulden',NULL,'93425651583','93425651583@mail.com','2006'),('93430440626','Rosetta','Hitchcock',NULL,'93430440626','93430440626@mail.com','2008'),('93438276727','Jarrett','Drury',NULL,'93438276727','93438276727@mail.com','2010'),('93444899585','Alford','Elzer',NULL,'93444899585','93444899585@mail.com','2004'),('93453658663','Margery','Reasbeck',NULL,'93453658663','93453658663@mail.com','2010'),('93453826003','Babe','Wickens',NULL,'93453826003','93453826003@mail.com','2004'),('93464647801','Manford','Thackeray',NULL,'93464647801','93464647801@mail.com','2008'),('93481623501','Jewel','Gibbins',NULL,'93481623501','93481623501@mail.com','2010'),('93483669792','Celia','Egerton',NULL,'93483669792','93483669792@mail.com','2005'),('93494568883','Lacy','Ventura',NULL,'93494568883','93494568883@mail.com','2007'),('93499090601','Kattie','Olley',NULL,'93499090601','93499090601@mail.com','2004'),('93513636033','Omie','Pickthall',NULL,'93513636033','93513636033@mail.com','2010'),('93528031725','Rosie','Taurel',NULL,'93528031725','93528031725@mail.com','2007'),('93571014165','Serena','Fletcher',NULL,'93571014165','93571014165@mail.com','2008'),('93614225261','Minervia','Tierney',NULL,'93614225261','93614225261@mail.com','2003'),('93632625560','Bernhard','Mcneill',NULL,'93632625560','93632625560@mail.com','2010'),('93678829046','Larry','Pollard',NULL,'93678829046','93678829046@mail.com','2010'),('93687054714','Cicero','Mackay',NULL,'93687054714','93687054714@mail.com','2006'),('93714211311','Alvina','Coombes',NULL,'93714211311','93714211311@mail.com','2006'),('93715295740','Abe','Holl',NULL,'93715295740','93715295740@mail.com','2006'),('93730035818','Scott','Knighton',NULL,'93730035818','93730035818@mail.com','2003'),('93752840201','Judith','Mcnulty',NULL,'93752840201','93752840201@mail.com','2006'),('93774429844','Lew','Royle',NULL,'93774429844','93774429844@mail.com','2003'),('93800369324','Magdalen','Dandy',NULL,'93800369324','93800369324@mail.com','2010'),('93823455702','Aimee','Perez',NULL,'93823455702','93823455702@mail.com','2008'),('93838202846','Wiley','Pickford',NULL,'93838202846','93838202846@mail.com','2005'),('93878650459','Lavinia','Chong',NULL,'93878650459','93878650459@mail.com','2006'),('93884275335','Jonathan','Glasgow',NULL,'93884275335','93884275335@mail.com','2006'),('93962027198','Napoleon','Kent',NULL,'93962027198','93962027198@mail.com','2007'),('93989239019','Murdock','Higgs',NULL,'93989239019','93989239019@mail.com','2006'),('94028720435','Liza','Appleby',NULL,'94028720435','94028720435@mail.com','2007'),('94084214223','Onie','Thomas',NULL,'94084214223','94084214223@mail.com','2008'),('94084694004','Mignon','Trinder',NULL,'94084694004','94084694004@mail.com','2010'),('94088402901','Barney','Olds',NULL,'94088402901','94088402901@mail.com','2008'),('94094143116','Lorene','Ahmed',NULL,'94094143116','94094143116@mail.com','2010'),('94101858391','Queen','Storr',NULL,'94101858391','94101858391@mail.com','2006'),('94197491641','Hugh','Earley',NULL,'94197491641','94197491641@mail.com','2007'),('94229091504','Mima','Ransom',NULL,'94229091504','94229091504@mail.com','2005'),('94242296011','Foster','Mccarthy',NULL,'94242296011','94242296011@mail.com','2009'),('94248209029','Roscoe','Saville',NULL,'94248209029','94248209029@mail.com','2008'),('94254330736','Julian','Cadman',NULL,'94254330736','94254330736@mail.com','2004'),('94296250552','Evaline','Aldred',NULL,'94296250552','94296250552@mail.com','2010'),('94322030214','Hosteen','Varndell',NULL,'94322030214','94322030214@mail.com','2009'),('94330028952','Clarke','Kimble',NULL,'94330028952','94330028952@mail.com','2010'),('94349815619','Crawford','Symonds',NULL,'94349815619','94349815619@mail.com','2008'),('94378214220','Madeline','Leitch',NULL,'94378214220','94378214220@mail.com','2010'),('94378679528','Glenn','Baxter',NULL,'94378679528','94378679528@mail.com','2005'),('94380489095','Adele','Milne',NULL,'94380489095','94380489095@mail.com','2006'),('94388050968','Lon','Keegan',NULL,'94388050968','94388050968@mail.com','2005'),('94393449629','Kathryne','Baird',NULL,'94393449629','94393449629@mail.com','2010'),('94398417093','Judd','Lambert',NULL,'94398417093','94398417093@mail.com','2003'),('94425222624','Ab','Friend',NULL,'94425222624','94425222624@mail.com','2006'),('94448263734','Christina','Prescott',NULL,'94448263734','94448263734@mail.com','2010'),('94526846542','Hermine','Poulter',NULL,'94526846542','94526846542@mail.com','2009'),('94532222148','Lorenzo','Oneill',NULL,'94532222148','94532222148@mail.com','2005'),('94541434141','Mattie','Harden',NULL,'94541434141','94541434141@mail.com','2006'),('94546865106','Mary','Travill',NULL,'94546865106','94546865106@mail.com','2008'),('94573651499','Leslie','Gibbons',NULL,'94573651499','94573651499@mail.com','2004'),('94584231073','Myrtle','Gaffney',NULL,'94584231073','94584231073@mail.com','2008'),('94589481016','Cinda','Byrne',NULL,'94589481016','94589481016@mail.com','2010'),('94624482762','Garfield','Fifield',NULL,'94624482762','94624482762@mail.com','2009'),('94627623200','Joeseph','Jenkin',NULL,'94627623200','94627623200@mail.com','2010'),('94629435275','Jennie','Knappett',NULL,'94629435275','94629435275@mail.com','2008'),('94671290746','Hilliard','Dougherty',NULL,'94671290746','94671290746@mail.com','2006'),('94681899519','Saul','Bates',NULL,'94681899519','94681899519@mail.com','2004'),('94703232954','Albina','Karras',NULL,'94703232954','94703232954@mail.com','2009'),('94752255118','Edson','Renshaw',NULL,'94752255118','94752255118@mail.com','2006'),('94759070660','Nellie','Morrison',NULL,'94759070660','94759070660@mail.com','2003'),('94768479526','Nina','Nandi',NULL,'94768479526','94768479526@mail.com','2008'),('94773609137','Rutherford','Farrier',NULL,'94773609137','94773609137@mail.com','2004'),('94805030336','Christine','Peake',NULL,'94805030336','94805030336@mail.com','2008'),('94809655311','Arnold','Kinghorn',NULL,'94809655311','94809655311@mail.com','2010'),('94811446684','Reese','Parr',NULL,'94811446684','94811446684@mail.com','2004'),('94813241450','Dessie','Alesbury',NULL,'94813241450','94813241450@mail.com','2006'),('94818261792','Jodie','Doolin',NULL,'94818261792','94818261792@mail.com','2009'),('94828273369','Hope','Mccullough',NULL,'94828273369','94828273369@mail.com','2010'),('94840848175','Elma','Kell',NULL,'94840848175','94840848175@mail.com','2010'),('94842276669','Emery','Okey',NULL,'94842276669','94842276669@mail.com','2004'),('94844280846','Theadore','Gates',NULL,'94844280846','94844280846@mail.com','2004'),('94848164615','Alonza','Anwar',NULL,'94848164615','94848164615@mail.com','2005'),('94854929366','Florida','Judge',NULL,'94854929366','94854929366@mail.com','2003'),('94891658820','Grover','Kenrick',NULL,'94891658820','94891658820@mail.com','2009'),('94901012531','Jesse','Halliwell',NULL,'94901012531','94901012531@mail.com','2005'),('94949282665','Williams','Hunt',NULL,'94949282665','94949282665@mail.com','2004'),('94997039644','Kizzie','Langley',NULL,'94997039644','94997039644@mail.com','2004'),('95035258961','Adolf','Percival',NULL,'95035258961','95035258961@mail.com','2004'),('95063672501','Bertrand','Elcock',NULL,'95063672501','95063672501@mail.com','2006'),('95073480806','Gracia','Ogilvy',NULL,'95073480806','95073480806@mail.com','2007'),('95079404746','Tessie','Large',NULL,'95079404746','95079404746@mail.com','2006'),('95120605804','Vannie','Furse',NULL,'95120605804','95120605804@mail.com','2009'),('95144128483','Dena','Gell',NULL,'95144128483','95144128483@mail.com','2008'),('95180813938','Vada','Tanner',NULL,'95180813938','95180813938@mail.com','2006'),('95188275408','Elisha','Pankhurst',NULL,'95188275408','95188275408@mail.com','2009'),('95190167001','Clementine','Pickersgill',NULL,'95190167001','95190167001@mail.com','2010'),('95205489838','Alba','Wilkie',NULL,'95205489838','95205489838@mail.com','2003'),('95211011721','Pete','Jolly',NULL,'95211011721','95211011721@mail.com','2007'),('95246644696','Doshia','Vancoller',NULL,'95246644696','95246644696@mail.com','2008'),('95247044350','Ina','Sims',NULL,'95247044350','95247044350@mail.com','2005'),('95255224128','Louetta','Ashley',NULL,'95255224128','95255224128@mail.com','2006'),('95280278367','Elenora','Aldren',NULL,'95280278367','95280278367@mail.com','2010'),('95284412570','Arizona','Freeburn',NULL,'95284412570','95284412570@mail.com','2004'),('95285625782','Fayette','Britton',NULL,'95285625782','95285625782@mail.com','2008'),('95316024705','Elmira','Goldsworthy',NULL,'95316024705','95316024705@mail.com','2010'),('95335845477','Manie','Lennox',NULL,'95335845477','95335845477@mail.com','2004'),('95345028053','Mart','Trollope',NULL,'95345028053','95345028053@mail.com','2007'),('95367056776','Orion','Howie',NULL,'95367056776','95367056776@mail.com','2009'),('95371477570','Samantha','Joyce',NULL,'95371477570','95371477570@mail.com','2005'),('95396052584','Palmer','Gerrard',NULL,'95396052584','95396052584@mail.com','2003'),('95428916956','Kittie','Kerrighen',NULL,'95428916956','95428916956@mail.com','2005'),('95439854487','Lillie','Patterson',NULL,'95439854487','95439854487@mail.com','2004'),('95455492549','Zula','Gillard',NULL,'95455492549','95455492549@mail.com','2009'),('95461867063','Era','Yallop',NULL,'95461867063','95461867063@mail.com','2006'),('95462252442','Jettie','Nichols',NULL,'95462252442','95462252442@mail.com','2006'),('95551402113','Hallie','Impey',NULL,'95551402113','95551402113@mail.com','2007'),('95580298373','Emil','Alway',NULL,'95580298373','95580298373@mail.com','2007'),('95587484076','Ruth','Reyes',NULL,'95587484076','95587484076@mail.com','2004'),('95597462685','Frances','Mann',NULL,'95597462685','95597462685@mail.com','2003'),('95651833441','Jean','Ennis',NULL,'95651833441','95651833441@mail.com','2008'),('95681021643','Matie','Swan',NULL,'95681021643','95681021643@mail.com','2005'),('95691264502','Van','Forrest',NULL,'95691264502','95691264502@mail.com','2004'),('95705096741','Buford','Pointer',NULL,'95705096741','95705096741@mail.com','2008'),('95719095405','Asa','Lowbridge',NULL,'95719095405','95719095405@mail.com','2009'),('95769258039','Tim','Batty',NULL,'95769258039','95769258039@mail.com','2010'),('95840260913','Alvena','Whiting',NULL,'95840260913','95840260913@mail.com','2004'),('95910833251','Houston','Riddler',NULL,'95910833251','95910833251@mail.com','2009'),('95948208837','Melissa','Falsh',NULL,'95948208837','95948208837@mail.com','2010'),('95960490812','Zoa','De ath',NULL,'95960490812','95960490812@mail.com','2007'),('95967299282','Wallace','Kinsey',NULL,'95967299282','95967299282@mail.com','2009'),('95977486882','Maye','Cooper',NULL,'95977486882','95977486882@mail.com','2006'),('95984891370','Everette','Webb',NULL,'95984891370','95984891370@mail.com','2006'),('96001200200','Jeremiah','Tyrer',NULL,'96001200200','96001200200@mail.com','2007'),('96011068598','Cora','Davidson',NULL,'96011068598','96011068598@mail.com','2006'),('96044686516','Marcia','Purvis',NULL,'96044686516','96044686516@mail.com','2007'),('96086611120','Starling','Yorke',NULL,'96086611120','96086611120@mail.com','2010'),('96107632081','Fredrick','Bowman',NULL,'96107632081','96107632081@mail.com','2008'),('96112046549','Luke','Stuart',NULL,'96112046549','96112046549@mail.com','2007'),('96113675098','Bob','Haworth',NULL,'96113675098','96113675098@mail.com','2003'),('96125251560','Rose','Yetman',NULL,'96125251560','96125251560@mail.com','2007'),('96156661879','Leland','Cowan',NULL,'96156661879','96156661879@mail.com','2007'),('96177237132','Gregory','Hogg',NULL,'96177237132','96177237132@mail.com','2004'),('96182038834','Irwin','Oxley',NULL,'96182038834','96182038834@mail.com','2003'),('96182097682','Aline','Westgate',NULL,'96182097682','96182097682@mail.com','2006'),('96196039010','Andrew','Howard',NULL,'96196039010','96196039010@mail.com','2005'),('96216878049','Wayne','Rackham',NULL,'96216878049','96216878049@mail.com','2008'),('96226434901','Ned','Leyshon',NULL,'96226434901','96226434901@mail.com','2006'),('96233498144','Danial','Hammond',NULL,'96233498144','96233498144@mail.com','2004'),('96261413822','Huldah','Haslam',NULL,'96261413822','96261413822@mail.com','2010'),('96276858704','Neal','Croft',NULL,'96276858704','96276858704@mail.com','2008'),('96281293008','Ava','Wood',NULL,'96281293008','96281293008@mail.com','2008'),('96283479626','Guy','Vallins',NULL,'96283479626','96283479626@mail.com','2003'),('96299482161','Solon','Edwards',NULL,'96299482161','96299482161@mail.com','2007'),('96304607874','Alpha','Downes',NULL,'96304607874','96304607874@mail.com','2010'),('96307085831','Henry','Dover',NULL,'96307085831','96307085831@mail.com','2005'),('96307688318','Jefferson','Tillett',NULL,'96307688318','96307688318@mail.com','2008'),('96348487779','Duff','Harris',NULL,'96348487779','96348487779@mail.com','2008'),('96357641894','Norma','Johnson',NULL,'96357641894','96357641894@mail.com','2008'),('96361624207','Adrienne','Hudson',NULL,'96361624207','96361624207@mail.com','2009'),('96366654629','Luis','Escott',NULL,'96366654629','96366654629@mail.com','2005'),('96382272047','Mont','Cockburn',NULL,'96382272047','96382272047@mail.com','2007'),('96426004340','Rosanna','Randle',NULL,'96426004340','96426004340@mail.com','2005'),('96427628366','Noah','Franks',NULL,'96427628366','96427628366@mail.com','2003'),('96461098426','Edie','Elliott',NULL,'96461098426','96461098426@mail.com','2007'),('96464348816','Amber','Speight',NULL,'96464348816','96464348816@mail.com','2004'),('96472228270','Everett','Thornley',NULL,'96472228270','96472228270@mail.com','2009'),('96491807964','Charles','Simons',NULL,'96491807964','96491807964@mail.com','2010'),('96528206820','Clarice','Moss',NULL,'96528206820','96528206820@mail.com','2004'),('96532671112','Ivan','Rippin',NULL,'96532671112','96532671112@mail.com','2003'),('96536436264','Maria','Otton',NULL,'96536436264','96536436264@mail.com','2010'),('96573282704','Alvin','Rudd',NULL,'96573282704','96573282704@mail.com','2004'),('96651032612','Ona','Austin',NULL,'96651032612','96651032612@mail.com','2006'),('96675430188','Elam','Mears',NULL,'96675430188','96675430188@mail.com','2006'),('96685805978','Bradley','Pawson',NULL,'96685805978','96685805978@mail.com','2009'),('96694034400','Payton','Louth',NULL,'96694034400','96694034400@mail.com','2010'),('96731424398','Davis','Downing',NULL,'96731424398','96731424398@mail.com','2004'),('96756499538','Junious','Bentley',NULL,'96756499538','96756499538@mail.com','2005'),('96758095554','Una','Lakin',NULL,'96758095554','96758095554@mail.com','2006'),('96801824994','Lucina','Neary',NULL,'96801824994','96801824994@mail.com','2008'),('96812458660','Anson','Eilers',NULL,'96812458660','96812458660@mail.com','2004'),('96843076767','Elsie','Torrens',NULL,'96843076767','96843076767@mail.com','2007'),('96848857649','Ophelia','Tinkler',NULL,'96848857649','96848857649@mail.com','2008'),('96854048526','Lovie','Velds',NULL,'96854048526','96854048526@mail.com','2009'),('96861070177','Wilhelmine','Wicks',NULL,'96861070177','96861070177@mail.com','2004'),('96867230884','Sterling','Booth',NULL,'96867230884','96867230884@mail.com','2006'),('96920240276','Sadie','Duff',NULL,'96920240276','96920240276@mail.com','2010'),('96929075859','Francis','Shah',NULL,'96929075859','96929075859@mail.com','2010'),('96936238048','Emory','Pegg',NULL,'96936238048','96936238048@mail.com','2008'),('96946676047','Lafayette','Stephen',NULL,'96946676047','96946676047@mail.com','2003'),('96982070880','Jewell','Hole',NULL,'96982070880','96982070880@mail.com','2010'),('97018068488','Clemie','Almond',NULL,'97018068488','97018068488@mail.com','2009'),('97020008264','Freddie','Mcintyre',NULL,'97020008264','97020008264@mail.com','2003'),('97022804400','Bena','Holmes',NULL,'97022804400','97022804400@mail.com','2008'),('97031098269','Cato','Downey',NULL,'97031098269','97031098269@mail.com','2009'),('97099246895','Nels','Denton',NULL,'97099246895','97099246895@mail.com','2007'),('97112012863','Clifford','Tuckey',NULL,'97112012863','97112012863@mail.com','2004'),('97114859177','Calvin','Lockhart',NULL,'97114859177','97114859177@mail.com','2004'),('97116263928','Daisy','Ohalloran',NULL,'97116263928','97116263928@mail.com','2010'),('97120635438','Zelda','Conrad',NULL,'97120635438','97120635438@mail.com','2009'),('97136397206','Theophile','Eley',NULL,'97136397206','97136397206@mail.com','2007'),('97200097460','Juana','Welch',NULL,'97200097460','97200097460@mail.com','2004'),('97209602476','Ballard','Inman',NULL,'97209602476','97209602476@mail.com','2004'),('97231812521','Sudie','Farre',NULL,'97231812521','97231812521@mail.com','2009'),('97236268817','Juliet','Ketley',NULL,'97236268817','97236268817@mail.com','2010'),('97237408821','Delilah','Harrison',NULL,'97237408821','97237408821@mail.com','2007'),('97258079295','Velma','Bruce',NULL,'97258079295','97258079295@mail.com','2005'),('97261660405','Winfred','Adler',NULL,'97261660405','97261660405@mail.com','2003'),('97308462014','Ardella','Amod',NULL,'97308462014','97308462014@mail.com','2003'),('97318037809','Vivian','Heath',NULL,'97318037809','97318037809@mail.com','2008'),('97358836792','Benton','Knightley',NULL,'97358836792','97358836792@mail.com','2003'),('97368649291','Aloysius','Dickinson',NULL,'97368649291','97368649291@mail.com','2006'),('97396865618','Carlton','Rust',NULL,'97396865618','97396865618@mail.com','2004'),('97404810883','Zella','Caton',NULL,'97404810883','97404810883@mail.com','2007'),('97407436624','Alva','Lowdon',NULL,'97407436624','97407436624@mail.com','2010'),('97422601695','Iris','Grayson',NULL,'97422601695','97422601695@mail.com','2010'),('97468800111','Minna','Bob',NULL,'97468800111','97468800111@mail.com','2007'),('97487059301','Wheeler','Winman',NULL,'97487059301','97487059301@mail.com','2006'),('97494504056','Lemma','Veasey',NULL,'97494504056','97494504056@mail.com','2010'),('97513879892','Hudson','Smart',NULL,'97513879892','97513879892@mail.com','2006'),('97539677363','Roland','Hunter',NULL,'97539677363','97539677363@mail.com','2005'),('97541093663','Pearl','Hodge',NULL,'97541093663','97541093663@mail.com','2009'),('97567214947','Curtis','Gunby',NULL,'97567214947','97567214947@mail.com','2008'),('97587647470','Lella','Fitton',NULL,'97587647470','97587647470@mail.com','2006'),('97594694023','Almon','Furniss',NULL,'97594694023','97594694023@mail.com','2009'),('97630890320','Wilmer','Kampfner',NULL,'97630890320','97630890320@mail.com','2003'),('97632085045','Lonie','Devonport',NULL,'97632085045','97632085045@mail.com','2008'),('97651264409','Allison','Tombs',NULL,'97651264409','97651264409@mail.com','2003'),('97677086059','Effie','Holt',NULL,'97677086059','97677086059@mail.com','2006'),('97733005915','Juan','Vardy',NULL,'97733005915','97733005915@mail.com','2004'),('97757664995','Newt','Newberry',NULL,'97757664995','97757664995@mail.com','2006'),('97761289745','Clarissa','Southwick',NULL,'97761289745','97761289745@mail.com','2006'),('97766026036','Stanford','Ashurst',NULL,'97766026036','97766026036@mail.com','2004'),('97768201750','Marcella','Winstanley',NULL,'97768201750','97768201750@mail.com','2006'),('97838681799','Shelton','Chappell',NULL,'97838681799','97838681799@mail.com','2009'),('97846270543','Orla','Waring',NULL,'97846270543','97846270543@mail.com','2007'),('97853242747','Millie','Humphreys',NULL,'97853242747','97853242747@mail.com','2005'),('97876654993','Annetta','Fernyhough',NULL,'97876654993','97876654993@mail.com','2008'),('97933242093','Mike','Jackson',NULL,'97933242093','97933242093@mail.com','2004'),('97934636985','Harrison','Stedman',NULL,'97934636985','97934636985@mail.com','2009'),('97947416791','Ward','Ellard',NULL,'97947416791','97947416791@mail.com','2007'),('97949613157','Eddie','Thurbon',NULL,'97949613157','97949613157@mail.com','2009'),('97954659158','Otelia','Isgate',NULL,'97954659158','97954659158@mail.com','2010'),('98006656449','Hunter','Jourdan',NULL,'98006656449','98006656449@mail.com','2006'),('98047842326','Rollie','Dobson',NULL,'98047842326','98047842326@mail.com','2006'),('98083043966','Theda','Redding',NULL,'98083043966','98083043966@mail.com','2005'),('98089029940','Jose','Ramsey',NULL,'98089029940','98089029940@mail.com','2008'),('98089653855','Leone','Murray',NULL,'98089653855','98089653855@mail.com','2009'),('98190627526','Annis','Smythe',NULL,'98190627526','98190627526@mail.com','2008'),('98236826730','Connie','Batt',NULL,'98236826730','98236826730@mail.com','2006'),('98251429182','Spurgeon','Fielder',NULL,'98251429182','98251429182@mail.com','2003'),('98251855547','Enos','Elleray',NULL,'98251855547','98251855547@mail.com','2005'),('98261824883','Riley','Machin',NULL,'98261824883','98261824883@mail.com','2003'),('98266292218','Budd','Steere',NULL,'98266292218','98266292218@mail.com','2007'),('98276864958','Stanton','Donnachie',NULL,'98276864958','98276864958@mail.com','2003'),('98287227793','Luna','Forsyth',NULL,'98287227793','98287227793@mail.com','2007'),('98347471842','Nova','Garner',NULL,'98347471842','98347471842@mail.com','2004'),('98355225523','Hal','Atterton',NULL,'98355225523','98355225523@mail.com','2009'),('98370461979','Rubin','Kinch',NULL,'98370461979','98370461979@mail.com','2006'),('98385282213','Melinda','Lowndes',NULL,'98385282213','98385282213@mail.com','2009'),('98406160630','Kathleen','Lind',NULL,'98406160630','98406160630@mail.com','2010'),('98421022838','Levi','Buckingham',NULL,'98421022838','98421022838@mail.com','2010'),('98435647437','John','Gregory',NULL,'98435647437','98435647437@mail.com','2003'),('98504652923','Casper','Moreno',NULL,'98504652923','98504652923@mail.com','2010'),('98505424340','Mahala','Richards',NULL,'98505424340','98505424340@mail.com','2010'),('98513038818','Harvey','Gould',NULL,'98513038818','98513038818@mail.com','2003'),('98517465171','Angeline','Vine',NULL,'98517465171','98517465171@mail.com','2007'),('98566078178','Frieda','Franklin',NULL,'98566078178','98566078178@mail.com','2009'),('98571079087','Antoinette','Akram',NULL,'98571079087','98571079087@mail.com','2005'),('98585219189','Dempsey','Wooldridge',NULL,'98585219189','98585219189@mail.com','2009'),('98600795997','Dolphus','Ingermann',NULL,'98600795997','98600795997@mail.com','2009'),('98608463629','Marquis','Wheatcroft',NULL,'98608463629','98608463629@mail.com','2006'),('98641291409','Ila','Thornhill',NULL,'98641291409','98641291409@mail.com','2009'),('98643428561','Lennie','Oakton',NULL,'98643428561','98643428561@mail.com','2003'),('98658010126','Pleasant','Robishaw',NULL,'98658010126','98658010126@mail.com','2005'),('98659854548','Young','Howes',NULL,'98659854548','98659854548@mail.com','2007'),('98667265723','Alverta','Tomes',NULL,'98667265723','98667265723@mail.com','2004'),('98671677123','Thelma','Lewry',NULL,'98671677123','98671677123@mail.com','2005'),('98702036006','Gene','Ball',NULL,'98702036006','98702036006@mail.com','2009'),('98717675389','Theo','Toomer',NULL,'98717675389','98717675389@mail.com','2009'),('98718867857','Eva','Ingle',NULL,'98718867857','98718867857@mail.com','2004'),('98772817587','Sylvanus','Riddell',NULL,'98772817587','98772817587@mail.com','2003'),('98787491747','Aurora','Ashe',NULL,'98787491747','98787491747@mail.com','2010'),('98792321725','Yee','Wilkin',NULL,'98792321725','98792321725@mail.com','2003'),('98830638069','Paula','Lawrance',NULL,'98830638069','98830638069@mail.com','2009'),('98836652921','Winston','Tilson',NULL,'98836652921','98836652921@mail.com','2005'),('98863631588','Celina','Fagon',NULL,'98863631588','98863631588@mail.com','2010'),('98884205550','Dosha','Gilder',NULL,'98884205550','98884205550@mail.com','2004'),('98897298013','Geraldine','Moffat',NULL,'98897298013','98897298013@mail.com','2003'),('98971441242','Pearle','Hine',NULL,'98971441242','98971441242@mail.com','2005'),('98974621966','Sammie','Redwood',NULL,'98974621966','98974621966@mail.com','2005'),('98978097759','Maude','Sampson',NULL,'98978097759','98978097759@mail.com','2005'),('98990277242','Arthur','Regan',NULL,'98990277242','98990277242@mail.com','2008'),('98994038365','Roy','Tuthill',NULL,'98994038365','98994038365@mail.com','2003'),('98994836898','Merrill','Clifton',NULL,'98994836898','98994836898@mail.com','2003'),('99010472414','Evalena','Armsden',NULL,'99010472414','99010472414@mail.com','2008'),('99027426788','Gena','Pattison',NULL,'99027426788','99027426788@mail.com','2009'),('99038061300','Mamie','Kellie',NULL,'99038061300','99038061300@mail.com','2006'),('99053469191','Quincy','Huggins',NULL,'99053469191','99053469191@mail.com','2005'),('99065491332','Elisabeth','Aspey',NULL,'99065491332','99065491332@mail.com','2009'),('99070661550','Sophia','Welton',NULL,'99070661550','99070661550@mail.com','2005'),('99091001111','Jessie','Russell',NULL,'99091001111','99091001111@mail.com','2006'),('99105087991','Erma','Elliston',NULL,'99105087991','99105087991@mail.com','2009'),('99105602188','Isreal','Quigley',NULL,'99105602188','99105602188@mail.com','2008'),('99119033975','Wendell','Lawler',NULL,'99119033975','99119033975@mail.com','2006'),('99123260448','Josiah','Finlay',NULL,'99123260448','99123260448@mail.com','2007'),('99143270102','Joan','Cullen',NULL,'99143270102','99143270102@mail.com','2006'),('99145236645','Orin','Keyte',NULL,'99145236645','99145236645@mail.com','2005'),('99164284542','Julious','Avery',NULL,'99164284542','99164284542@mail.com','2006'),('99165699395','Rosalie','Lockie',NULL,'99165699395','99165699395@mail.com','2005'),('99221052310','Myrta','Kennell',NULL,'99221052310','99221052310@mail.com','2006'),('99239694374','Delila','Finney',NULL,'99239694374','99239694374@mail.com','2009'),('99242637535','Bird','Adamson',NULL,'99242637535','99242637535@mail.com','2006'),('99253623902','Guss','Child',NULL,'99253623902','99253623902@mail.com','2004'),('99274066162','Harriet','Fairhurst',NULL,'99274066162','99274066162@mail.com','2003'),('99329867987','Claus','Reader',NULL,'99329867987','99329867987@mail.com','2009'),('99357630726','Ray','Willis',NULL,'99357630726','99357630726@mail.com','2010'),('99372461176','Manerva','Guest',NULL,'99372461176','99372461176@mail.com','2005'),('99388435555','Auther','Gold',NULL,'99388435555','99388435555@mail.com','2010'),('99400682376','Katharine','Vicary',NULL,'99400682376','99400682376@mail.com','2003'),('99404821915','Volney','Donlan',NULL,'99404821915','99404821915@mail.com','2005'),('99425417747','Charlotta','Hibbert',NULL,'99425417747','99425417747@mail.com','2008'),('99458670834','Mac','Nickel',NULL,'99458670834','99458670834@mail.com','2004'),('99482657579','Helma','Utton',NULL,'99482657579','99482657579@mail.com','2009'),('99486875748','Dove','Eckersall',NULL,'99486875748','99486875748@mail.com','2009'),('99499220879','Bartholomew','Fishlock',NULL,'99499220879','99499220879@mail.com','2005'),('99509001061','Mathilda','Adanet',NULL,'99509001061','99509001061@mail.com','2009'),('99526850029','Sallie','Dingle',NULL,'99526850029','99526850029@mail.com','2008'),('99529269665','Reuben','Khalifa',NULL,'99529269665','99529269665@mail.com','2009'),('99536628101','Leslie','Hodson',NULL,'99536628101','99536628101@mail.com','2003'),('99543242044','Elise','Edgson',NULL,'99543242044','99543242044@mail.com','2005'),('99564076279','Hervey','Cutts',NULL,'99564076279','99564076279@mail.com','2003'),('99582889867','Gregorio','Adair',NULL,'99582889867','99582889867@mail.com','2005'),('99586845926','Manuela','Erridge',NULL,'99586845926','99586845926@mail.com','2010'),('99587422585','Rudolph','Gilmore',NULL,'99587422585','99587422585@mail.com','2006'),('99637277841','Louie','Kerridge',NULL,'99637277841','99637277841@mail.com','2007'),('99677262105','Spencer','Godden',NULL,'99677262105','99677262105@mail.com','2008'),('99678867670','Mallie','Keight',NULL,'99678867670','99678867670@mail.com','2005'),('99680285299','Rillie','Kelsey',NULL,'99680285299','99680285299@mail.com','2004'),('99681895824','Annie','Woodhams',NULL,'99681895824','99681895824@mail.com','2007'),('99685441683','Easter','Harvey',NULL,'99685441683','99685441683@mail.com','2004'),('99686597204','Earl','Deakin',NULL,'99686597204','99686597204@mail.com','2005');
/*!40000 ALTER TABLE `ogrenci` ENABLE KEYS */;
UNLOCK TABLES;

--
-- Table structure for table `ogrenci_katilir`
--

DROP TABLE IF EXISTS `ogrenci_katilir`;
/*!40101 SET @saved_cs_client     = @@character_set_client */;
/*!50503 SET character_set_client = utf8mb4 */;
CREATE TABLE `ogrenci_katilir` (
  `TC_NO` char(11) NOT NULL,
  `SUBE_ID` int NOT NULL,
  PRIMARY KEY (`TC_NO`,`SUBE_ID`),
  KEY `SUBE_ID` (`SUBE_ID`),
  CONSTRAINT `ogrenci_katilir_ibfk_1` FOREIGN KEY (`SUBE_ID`) REFERENCES `sube` (`SUBE_ID`),
  CONSTRAINT `ogrenci_katilir_ibfk_2` FOREIGN KEY (`TC_NO`) REFERENCES `ogrenci` (`TC_NO`)
) ENGINE=InnoDB DEFAULT CHARSET=utf8mb4 COLLATE=utf8mb4_0900_ai_ci;
/*!40101 SET character_set_client = @saved_cs_client */;

--
-- Dumping data for table `ogrenci_katilir`
--

LOCK TABLES `ogrenci_katilir` WRITE;
/*!40000 ALTER TABLE `ogrenci_katilir` DISABLE KEYS */;
INSERT INTO `ogrenci_katilir` VALUES ('80450260926',1),('80595857317',1),('80457280438',2),('80628487120',2),('80482253156',3),('80628556046',3),('80485609383',4),('80647201766',4),('80493853592',5),('80660070111',5),('80508879862',6),('80660474467',6),('80568682825',7),('80677402522',7),('80583680594',8),('80708210925',8),('80586060924',9),('80743890690',9);
/*!40000 ALTER TABLE `ogrenci_katilir` ENABLE KEYS */;
UNLOCK TABLES;

--
-- Table structure for table `ogrenci_musaitlik`
--

DROP TABLE IF EXISTS `ogrenci_musaitlik`;
/*!40101 SET @saved_cs_client     = @@character_set_client */;
/*!50503 SET character_set_client = utf8mb4 */;
CREATE TABLE `ogrenci_musaitlik` (
  `TC_NO` char(11) NOT NULL,
  `MUSAITLIK_ID` int NOT NULL AUTO_INCREMENT,
  `GUN` int NOT NULL,
  `DERS_NO` int NOT NULL,
  PRIMARY KEY (`MUSAITLIK_ID`),
  KEY `TC_NO` (`TC_NO`),
  CONSTRAINT `ogrenci_musaitlik_ibfk_1` FOREIGN KEY (`TC_NO`) REFERENCES `ogrenci` (`TC_NO`) ON DELETE CASCADE
) ENGINE=InnoDB AUTO_INCREMENT=12 DEFAULT CHARSET=utf8mb4 COLLATE=utf8mb4_0900_ai_ci;
/*!40101 SET character_set_client = @saved_cs_client */;

--
-- Dumping data for table `ogrenci_musaitlik`
--

LOCK TABLES `ogrenci_musaitlik` WRITE;
/*!40000 ALTER TABLE `ogrenci_musaitlik` DISABLE KEYS */;
INSERT INTO `ogrenci_musaitlik` VALUES ('90595699693',1,1,1),('90595699693',8,2,4),('90595699693',9,3,1),('90643608404',10,2,1),('23145678966',11,1,1);
/*!40000 ALTER TABLE `ogrenci_musaitlik` ENABLE KEYS */;
UNLOCK TABLES;

--
-- Table structure for table `ogretmen`
--

DROP TABLE IF EXISTS `ogretmen`;
/*!40101 SET @saved_cs_client     = @@character_set_client */;
/*!50503 SET character_set_client = utf8mb4 */;
CREATE TABLE `ogretmen` (
  `TC_NO` char(11) NOT NULL,
  `PART_MI` tinyint(1) NOT NULL,
  PRIMARY KEY (`TC_NO`),
  CONSTRAINT `ogretmen_ibfk_1` FOREIGN KEY (`TC_NO`) REFERENCES `calisan` (`TC_NO`) ON DELETE CASCADE
) ENGINE=InnoDB DEFAULT CHARSET=utf8mb4 COLLATE=utf8mb4_0900_ai_ci;
/*!40101 SET character_set_client = @saved_cs_client */;

--
-- Dumping data for table `ogretmen`
--

LOCK TABLES `ogretmen` WRITE;
/*!40000 ALTER TABLE `ogretmen` DISABLE KEYS */;
INSERT INTO `ogretmen` VALUES ('10000000002',1),('10000000003',1),('10000000004',1),('10000000005',1),('10000000006',0),('10000000007',0),('10000000008',0),('10000000009',0),('10000000010',0),('10000000011',0),('10000000012',0),('99692083949',0),('99711837451',0),('99714879580',0),('99733809439',0),('99757289483',0),('99764891827',0),('99775401280',0),('99791881020',0),('99816831961',0),('99818087007',0),('99824632595',0),('99844651646',0),('99852882766',0),('99868232910',0),('99868460058',0);
/*!40000 ALTER TABLE `ogretmen` ENABLE KEYS */;
UNLOCK TABLES;

--
-- Table structure for table `ogretmen_ogretir`
--

DROP TABLE IF EXISTS `ogretmen_ogretir`;
/*!40101 SET @saved_cs_client     = @@character_set_client */;
/*!50503 SET character_set_client = utf8mb4 */;
CREATE TABLE `ogretmen_ogretir` (
  `TC_NO` char(11) NOT NULL,
  `SUBE_ID` int NOT NULL,
  PRIMARY KEY (`TC_NO`,`SUBE_ID`),
  KEY `SUBE_ID` (`SUBE_ID`),
  CONSTRAINT `ogretmen_ogretir_ibfk_1` FOREIGN KEY (`SUBE_ID`) REFERENCES `sube` (`SUBE_ID`),
  CONSTRAINT `ogretmen_ogretir_ibfk_2` FOREIGN KEY (`TC_NO`) REFERENCES `ogretmen` (`TC_NO`) ON DELETE CASCADE
) ENGINE=InnoDB DEFAULT CHARSET=utf8mb4 COLLATE=utf8mb4_0900_ai_ci;
/*!40101 SET character_set_client = @saved_cs_client */;

--
-- Dumping data for table `ogretmen_ogretir`
--

LOCK TABLES `ogretmen_ogretir` WRITE;
/*!40000 ALTER TABLE `ogretmen_ogretir` DISABLE KEYS */;
INSERT INTO `ogretmen_ogretir` VALUES ('99733809439',2),('10000000007',3),('99764891827',4),('10000000009',5),('99844651646',6),('10000000002',7),('99868460058',8),('99844651646',9);
/*!40000 ALTER TABLE `ogretmen_ogretir` ENABLE KEYS */;
UNLOCK TABLES;

--
-- Table structure for table `part_time_musaitlik`
--

DROP TABLE IF EXISTS `part_time_musaitlik`;
/*!40101 SET @saved_cs_client     = @@character_set_client */;
/*!50503 SET character_set_client = utf8mb4 */;
CREATE TABLE `part_time_musaitlik` (
  `TC_NO` char(11) NOT NULL,
  `MUSAITLIK_ID` int NOT NULL AUTO_INCREMENT,
  `GUN` int NOT NULL,
  `DERS_NO` int NOT NULL,
  PRIMARY KEY (`MUSAITLIK_ID`),
  KEY `TC_NO` (`TC_NO`),
  CONSTRAINT `part_time_musaitlik_ibfk_1` FOREIGN KEY (`TC_NO`) REFERENCES `part_timer` (`TC_NO`)
) ENGINE=InnoDB DEFAULT CHARSET=utf8mb4 COLLATE=utf8mb4_0900_ai_ci;
/*!40101 SET character_set_client = @saved_cs_client */;

--
-- Dumping data for table `part_time_musaitlik`
--

LOCK TABLES `part_time_musaitlik` WRITE;
/*!40000 ALTER TABLE `part_time_musaitlik` DISABLE KEYS */;
/*!40000 ALTER TABLE `part_time_musaitlik` ENABLE KEYS */;
UNLOCK TABLES;

--
-- Table structure for table `part_timer`
--

DROP TABLE IF EXISTS `part_timer`;
/*!40101 SET @saved_cs_client     = @@character_set_client */;
/*!50503 SET character_set_client = utf8mb4 */;
CREATE TABLE `part_timer` (
  `TC_NO` char(11) NOT NULL,
  `SAAT` int NOT NULL,
  PRIMARY KEY (`TC_NO`),
  KEY `SAAT` (`SAAT`),
  CONSTRAINT `part_timer_ibfk_1` FOREIGN KEY (`TC_NO`) REFERENCES `calisan` (`TC_NO`),
  CONSTRAINT `part_timer_ibfk_2` FOREIGN KEY (`SAAT`) REFERENCES `ucret_tablosu` (`SAAT`)
) ENGINE=InnoDB DEFAULT CHARSET=utf8mb4 COLLATE=utf8mb4_0900_ai_ci;
/*!40101 SET character_set_client = @saved_cs_client */;

--
-- Dumping data for table `part_timer`
--

LOCK TABLES `part_timer` WRITE;
/*!40000 ALTER TABLE `part_timer` DISABLE KEYS */;
/*!40000 ALTER TABLE `part_timer` ENABLE KEYS */;
UNLOCK TABLES;

--
-- Table structure for table `sube`
--

DROP TABLE IF EXISTS `sube`;
/*!40101 SET @saved_cs_client     = @@character_set_client */;
/*!50503 SET character_set_client = utf8mb4 */;
CREATE TABLE `sube` (
  `SUBE_ID` int NOT NULL AUTO_INCREMENT,
  `GUN` int NOT NULL,
  `DERS_NO` int NOT NULL,
  `SINIF` varchar(10) NOT NULL,
  `SUBE_NO` int NOT NULL,
  PRIMARY KEY (`SUBE_ID`,`GUN`)
) ENGINE=InnoDB AUTO_INCREMENT=12 DEFAULT CHARSET=utf8mb4 COLLATE=utf8mb4_0900_ai_ci;
/*!40101 SET character_set_client = @saved_cs_client */;

--
-- Dumping data for table `sube`
--

LOCK TABLES `sube` WRITE;
/*!40000 ALTER TABLE `sube` DISABLE KEYS */;
INSERT INTO `sube` VALUES (1,1,1,'A101',1),(2,2,2,'A101',1),(3,3,3,'B101',1),(4,4,4,'B102',1),(5,5,5,'C101',1),(6,1,6,'C102',1),(7,2,7,'D101',1),(8,3,8,'D102',1),(9,4,9,'E101',1),(10,3,5,'B-101',3),(11,3,5,'B-101',3);
/*!40000 ALTER TABLE `sube` ENABLE KEYS */;
UNLOCK TABLES;

--
-- Table structure for table `talep`
--

DROP TABLE IF EXISTS `talep`;
/*!40101 SET @saved_cs_client     = @@character_set_client */;
/*!50503 SET character_set_client = utf8mb4 */;
CREATE TABLE `talep` (
  `TC_NO` char(11) NOT NULL,
  `DERS_ID` int NOT NULL,
  PRIMARY KEY (`TC_NO`,`DERS_ID`),
  KEY `DERS_ID` (`DERS_ID`),
  CONSTRAINT `talep_ibfk_1` FOREIGN KEY (`DERS_ID`) REFERENCES `ders` (`DERS_ID`),
  CONSTRAINT `talep_ibfk_2` FOREIGN KEY (`TC_NO`) REFERENCES `ogrenci` (`TC_NO`)
) ENGINE=InnoDB DEFAULT CHARSET=utf8mb4 COLLATE=utf8mb4_0900_ai_ci;
/*!40101 SET character_set_client = @saved_cs_client */;

--
-- Dumping data for table `talep`
--

LOCK TABLES `talep` WRITE;
/*!40000 ALTER TABLE `talep` DISABLE KEYS */;
INSERT INTO `talep` VALUES ('80450260926',1),('80457280438',2),('80482253156',3),('80485609383',4),('80493853592',5),('80508879862',6),('80568682825',7),('80583680594',8),('80586060924',9);
/*!40000 ALTER TABLE `talep` ENABLE KEYS */;
UNLOCK TABLES;

--
-- Table structure for table `temizlikci`
--

DROP TABLE IF EXISTS `temizlikci`;
/*!40101 SET @saved_cs_client     = @@character_set_client */;
/*!50503 SET character_set_client = utf8mb4 */;
CREATE TABLE `temizlikci` (
  `TC_NO` char(11) NOT NULL,
  PRIMARY KEY (`TC_NO`),
  CONSTRAINT `temizlikci_ibfk_1` FOREIGN KEY (`TC_NO`) REFERENCES `calisan` (`TC_NO`)
) ENGINE=InnoDB DEFAULT CHARSET=utf8mb4 COLLATE=utf8mb4_0900_ai_ci;
/*!40101 SET character_set_client = @saved_cs_client */;

--
-- Dumping data for table `temizlikci`
--

LOCK TABLES `temizlikci` WRITE;
/*!40000 ALTER TABLE `temizlikci` DISABLE KEYS */;
INSERT INTO `temizlikci` VALUES ('99932435384'),('99946401251'),('99965076379'),('99970253042'),('99999285025');
/*!40000 ALTER TABLE `temizlikci` ENABLE KEYS */;
UNLOCK TABLES;

--
-- Table structure for table `ucret_tablosu`
--

DROP TABLE IF EXISTS `ucret_tablosu`;
/*!40101 SET @saved_cs_client     = @@character_set_client */;
/*!50503 SET character_set_client = utf8mb4 */;
CREATE TABLE `ucret_tablosu` (
  `SAAT` int NOT NULL,
  `UCRET` int NOT NULL,
  PRIMARY KEY (`SAAT`)
) ENGINE=InnoDB DEFAULT CHARSET=utf8mb4 COLLATE=utf8mb4_0900_ai_ci;
/*!40101 SET character_set_client = @saved_cs_client */;

--
-- Dumping data for table `ucret_tablosu`
--

LOCK TABLES `ucret_tablosu` WRITE;
/*!40000 ALTER TABLE `ucret_tablosu` DISABLE KEYS */;
INSERT INTO `ucret_tablosu` VALUES (6,60),(10,100),(11,110),(14,140),(19,190);
/*!40000 ALTER TABLE `ucret_tablosu` ENABLE KEYS */;
UNLOCK TABLES;

--
-- Table structure for table `veli`
--

DROP TABLE IF EXISTS `veli`;
/*!40101 SET @saved_cs_client     = @@character_set_client */;
/*!50503 SET character_set_client = utf8mb4 */;
CREATE TABLE `veli` (
  `TC_NO` char(11) NOT NULL,
  `ISIM` varchar(25) NOT NULL,
  `SOYISIM` varchar(25) NOT NULL,
  `ADRES` varchar(100) DEFAULT NULL,
  `TEL_NO` varchar(11) NOT NULL,
  `E_POSTA` varchar(50) DEFAULT NULL,
  PRIMARY KEY (`TC_NO`)
) ENGINE=InnoDB DEFAULT CHARSET=utf8mb4 COLLATE=utf8mb4_0900_ai_ci;
/*!40101 SET character_set_client = @saved_cs_client */;

--
-- Dumping data for table `veli`
--

LOCK TABLES `veli` WRITE;
/*!40000 ALTER TABLE `veli` DISABLE KEYS */;
INSERT INTO `veli` VALUES ('12345678901','Ahmet','ÖZÜ','s','5556664579','ahmet@example.com'),('12345678902','Koray','Türk','-','5556661234','koray@exapmle.com'),('22222222222','qwe','qwe','qwe','qwe','qwe'),('45678912458','Ersin','Bayazıt','sx','45678912458','ersin@example.com'),('45698732145','Kelly','Black','add','45698732145','kelly@example.com'),('78403898867','Vesta','Tomlin',NULL,'78403898867','78403898867@mail.com'),('78405684130','Florance','Spencer',NULL,'78405684130','78405684130@mail.com'),('78433059300','Alba','Jefferson',NULL,'78433059300','78433059300@mail.com'),('78442209952','Linnie','Knowles',NULL,'78442209952','78442209952@mail.com'),('78498875630','Andrew','Buck',NULL,'78498875630','78498875630@mail.com'),('78522223654','Vann','Steele',NULL,'78522223654','78522223654@mail.com'),('78535887010','Preston','Finbow',NULL,'78535887010','78535887010@mail.com'),('78552682362','Halsey','Nugent',NULL,'78552682362','78552682362@mail.com'),('78602121586','Ana','Davie',NULL,'78602121586','78602121586@mail.com'),('78621036923','Junie','Wadham',NULL,'78621036923','78621036923@mail.com'),('78625031489','Madison','Featherstone',NULL,'78625031489','78625031489@mail.com'),('78646631624','Santos','Espley',NULL,'78646631624','78646631624@mail.com'),('78661293412','Wade','Best',NULL,'78661293412','78661293412@mail.com'),('78675454736','Minna','Norman',NULL,'78675454736','78675454736@mail.com'),('78684811645','Andy','Jarram',NULL,'78684811645','78684811645@mail.com'),('78690273487','Bruno','Tell',NULL,'78690273487','78690273487@mail.com'),('78693051213','Opal','Norgrove',NULL,'78693051213','78693051213@mail.com'),('78726694525','Leatha','Garratt',NULL,'78726694525','78726694525@mail.com'),('78730687796','Coy','Verney',NULL,'78730687796','78730687796@mail.com'),('78745842283','Arie','Edkins',NULL,'78745842283','78745842283@mail.com'),('78758271886','Lorena','Nessbert',NULL,'78758271886','78758271886@mail.com'),('78789019616','Lenore','Endroe',NULL,'78789019616','78789019616@mail.com'),('78862305579','Love','Reading',NULL,'78862305579','78862305579@mail.com'),('78880816986','Foster','Bruce',NULL,'78880816986','78880816986@mail.com'),('78890006479','Davis','Jewers',NULL,'78890006479','78890006479@mail.com'),('78901450491','Bert','Owings',NULL,'78901450491','78901450491@mail.com'),('78915889814','Parker','Leck',NULL,'78915889814','78915889814@mail.com'),('78951897113','Ernest','Stanfield',NULL,'78951897113','78951897113@mail.com'),('78975235621','Rosalee','Eden',NULL,'78975235621','78975235621@mail.com'),('79006233961','Elisabeth','Arnall',NULL,'79006233961','79006233961@mail.com'),('79017244215','Winnifred','Everton',NULL,'79017244215','79017244215@mail.com'),('79044091898','Elbert','Coyle',NULL,'79044091898','79044091898@mail.com'),('79088297018','Squire','Andersson',NULL,'79088297018','79088297018@mail.com'),('79098688647','Betsy','Harlow',NULL,'79098688647','79098688647@mail.com'),('79123255379','Rosalia','Hiscocks',NULL,'79123255379','79123255379@mail.com'),('79124888541','Adrienne','Elwell',NULL,'79124888541','79124888541@mail.com'),('79140092195','Julie','Derrien',NULL,'79140092195','79140092195@mail.com'),('79154802222','Hanna','Dudley',NULL,'79154802222','79154802222@mail.com'),('79216490291','Birtha','Addison',NULL,'79216490291','79216490291@mail.com'),('79219699103','Lilly','Gardiner',NULL,'79219699103','79219699103@mail.com'),('79230417538','Eligah','Giblin',NULL,'79230417538','79230417538@mail.com'),('79234207504','Winfield','Hannam',NULL,'79234207504','79234207504@mail.com'),('79264859092','Ellis','Burns',NULL,'79264859092','79264859092@mail.com'),('79271052652','Lillis','Tinker',NULL,'79271052652','79271052652@mail.com'),('79290221650','Augustine','Moran',NULL,'79290221650','79290221650@mail.com'),('79323259750','Elisha','Westgate',NULL,'79323259750','79323259750@mail.com'),('79342201864','Myron','Mcclymont',NULL,'79342201864','79342201864@mail.com'),('79363645595','Carrie','Langton',NULL,'79363645595','79363645595@mail.com'),('79371469989','Columbus','Patten',NULL,'79371469989','79371469989@mail.com'),('79425265406','William','Lovatt',NULL,'79425265406','79425265406@mail.com'),('79459061376','Augustine','Green',NULL,'79459061376','79459061376@mail.com'),('79473848336','Edwin','Charnock',NULL,'79473848336','79473848336@mail.com'),('79509035812','Miner','Leonard',NULL,'79509035812','79509035812@mail.com'),('79537406980','Lola','Wiles',NULL,'79537406980','79537406980@mail.com'),('79542071987','Watson','Naysmith',NULL,'79542071987','79542071987@mail.com'),('79571620869','Leila','Preece',NULL,'79571620869','79571620869@mail.com'),('79584417219','Cyrus','Hayward',NULL,'79584417219','79584417219@mail.com'),('79616480753','Jefferson','Ashwell',NULL,'79616480753','79616480753@mail.com'),('79629643145','Alvin','Lockwood',NULL,'79629643145','79629643145@mail.com'),('79654453745','Erasmus','Caton',NULL,'79654453745','79654453745@mail.com'),('79660037612','Selena','Large',NULL,'79660037612','79660037612@mail.com'),('79665271880','Harley','Farrant',NULL,'79665271880','79665271880@mail.com'),('79668672958','Melinda','Swann',NULL,'79668672958','79668672958@mail.com'),('79705690243','Golden','Heatley',NULL,'79705690243','79705690243@mail.com'),('79738451260','Rudolph','Hopkins',NULL,'79738451260','79738451260@mail.com'),('79793067136','Walter','Mcphee',NULL,'79793067136','79793067136@mail.com'),('79794044647','Adah','Macrae',NULL,'79794044647','79794044647@mail.com'),('79816356739','Adline','Lock',NULL,'79816356739','79816356739@mail.com'),('79833662469','Cornelious','Dundon',NULL,'79833662469','79833662469@mail.com'),('79854660809','Neil','Mcarthur',NULL,'79854660809','79854660809@mail.com'),('79873485584','Fleming','Grivet',NULL,'79873485584','79873485584@mail.com'),('79908414092','Orie','Procter',NULL,'79908414092','79908414092@mail.com'),('79916677893','Leonie','Eatherington',NULL,'79916677893','79916677893@mail.com'),('79918111888','Donie','Phillips',NULL,'79918111888','79918111888@mail.com'),('79922649327','Suzanne','Antony',NULL,'79922649327','79922649327@mail.com'),('79962501049','Pattie','Ostler',NULL,'79962501049','79962501049@mail.com'),('79965621573','Alonzo','Tonner',NULL,'79965621573','79965621573@mail.com'),('79967235337','Selma','Kemp',NULL,'79967235337','79967235337@mail.com'),('80045892370','Eric','Bailey',NULL,'80045892370','80045892370@mail.com'),('80062259769','Nola','Pawson',NULL,'80062259769','80062259769@mail.com'),('80069435949','Clarance','Haine',NULL,'80069435949','80069435949@mail.com'),('80092468461','Maxwell','Joss',NULL,'80092468461','80092468461@mail.com'),('80122847782','Colin','Oakey',NULL,'80122847782','80122847782@mail.com'),('80165443403','Solon','Jordison',NULL,'80165443403','80165443403@mail.com'),('80193006460','Nathanial','Styles',NULL,'80193006460','80193006460@mail.com'),('80194689651','Helma','Baird',NULL,'80194689651','80194689651@mail.com'),('80241436108','Hence','Ellery',NULL,'80241436108','80241436108@mail.com'),('80250287759','Huldah','Brooks',NULL,'80250287759','80250287759@mail.com'),('80255420217','Albertus','Eltis',NULL,'80255420217','80255420217@mail.com'),('80272609352','Claudia','Whitehead',NULL,'80272609352','80272609352@mail.com'),('80276465625','Eudora','Fitzgerald',NULL,'80276465625','80276465625@mail.com'),('80277221411','Samantha','Kelland',NULL,'80277221411','80277221411@mail.com'),('80298484045','Wilton','Ramm',NULL,'80298484045','80298484045@mail.com'),('80309446553','Oda','Livermore',NULL,'80309446553','80309446553@mail.com'),('80322641581','Anna','Varndell',NULL,'80322641581','80322641581@mail.com'),('80407035645','Chloe','Wootton',NULL,'80407035645','80407035645@mail.com'),('80411628769','Zona','Norwood',NULL,'80411628769','80411628769@mail.com'),('80418485688','Jimmie','Wheatcroft',NULL,'80418485688','80418485688@mail.com'),('80428487235','Jerry','Austin',NULL,'80428487235','80428487235@mail.com'),('80428515759','Yetta','Falk',NULL,'80428515759','80428515759@mail.com'),('81896636866','Candido','Coleman',NULL,'81896636866','81896636866@mail.com'),('81898015140','Clifford','Nickel',NULL,'81898015140','81898015140@mail.com'),('81927010688','Melvina','Welsh',NULL,'81927010688','81927010688@mail.com'),('81933667380','Clara','Fulker',NULL,'81933667380','81933667380@mail.com'),('81952498999','Earl','Derrick',NULL,'81952498999','81952498999@mail.com'),('81986478282','Lem','Ryan',NULL,'81986478282','81986478282@mail.com'),('81988256301','Aurora','Denham',NULL,'81988256301','81988256301@mail.com'),('82008487717','Jossie','Errington',NULL,'82008487717','82008487717@mail.com'),('82021452180','Adaline','Reed',NULL,'82021452180','82021452180@mail.com'),('82080678621','Juliet','Odriscoll',NULL,'82080678621','82080678621@mail.com'),('82088727671','Muriel','Dreyer',NULL,'82088727671','82088727671@mail.com'),('82095073766','Sidney','Eyles',NULL,'82095073766','82095073766@mail.com'),('82118843977','Bettie','Pitt',NULL,'82118843977','82118843977@mail.com'),('82119624884','Henry','Odonoghue',NULL,'82119624884','82119624884@mail.com'),('82162061088','Armand','Kelsey',NULL,'82162061088','82162061088@mail.com'),('82163210827','Halsey','Buck',NULL,'82163210827','82163210827@mail.com'),('82163251183','Emery','Cousins',NULL,'82163251183','82163251183@mail.com'),('82188793348','Boston','Elcock',NULL,'82188793348','82188793348@mail.com'),('82204492915','Richmond','Packer',NULL,'82204492915','82204492915@mail.com'),('82224832037','Rose','Younge',NULL,'82224832037','82224832037@mail.com'),('82228456503','Olin','Hale',NULL,'82228456503','82228456503@mail.com'),('82255008808','Louis','Anthony',NULL,'82255008808','82255008808@mail.com'),('82255603030','Gregory','Patterson',NULL,'82255603030','82255603030@mail.com'),('82282429880','Emilia','Astbury',NULL,'82282429880','82282429880@mail.com'),('82299454161','Alfred','Titmuss',NULL,'82299454161','82299454161@mail.com'),('82302673163','Hiram','Ibbs',NULL,'82302673163','82302673163@mail.com'),('82332198203','Joseph','Laver',NULL,'82332198203','82332198203@mail.com'),('82340896361','Deborah','Drain',NULL,'82340896361','82340896361@mail.com'),('82397627820','Park','Turford',NULL,'82397627820','82397627820@mail.com'),('82408440266','Auther','Mcelroy',NULL,'82408440266','82408440266@mail.com'),('82431653781','Etta','Sumner',NULL,'82431653781','82431653781@mail.com'),('82431684961','Lidie','Bloggs',NULL,'82431684961','82431684961@mail.com'),('82437448885','Horace','Paine',NULL,'82437448885','82437448885@mail.com'),('82446484010','Bonnie','Dorman',NULL,'82446484010','82446484010@mail.com'),('82452831557','Judson','Wicks',NULL,'82452831557','82452831557@mail.com'),('82463052897','Sim','Shannon',NULL,'82463052897','82463052897@mail.com'),('82481045354','Estella','Wintersgill',NULL,'82481045354','82481045354@mail.com'),('82531681795','Rudolph','Mccormack',NULL,'82531681795','82531681795@mail.com'),('82532285309','Grover','Tindell',NULL,'82532285309','82532285309@mail.com'),('82558259061','Merle','Forester',NULL,'82558259061','82558259061@mail.com'),('82571035123','Sabina','Arnall',NULL,'82571035123','82571035123@mail.com'),('82588221364','Blanch','Rodriguez',NULL,'82588221364','82588221364@mail.com'),('82613652363','Zoe','Overall',NULL,'82613652363','82613652363@mail.com'),('82661223051','Irma','Exon',NULL,'82661223051','82661223051@mail.com'),('82689671450','Michael','Werrett',NULL,'82689671450','82689671450@mail.com'),('82747456624','Eleanor','Riches',NULL,'82747456624','82747456624@mail.com'),('82817465230','Hermine','Glossop',NULL,'82817465230','82817465230@mail.com'),('82835847738','Malachi','Bevan',NULL,'82835847738','82835847738@mail.com'),('82836518704','Beatrice','Grosvenor',NULL,'82836518704','82836518704@mail.com'),('82930628629','Finis','Middleton',NULL,'82930628629','82930628629@mail.com'),('82938263186','Jeanette','Kore',NULL,'82938263186','82938263186@mail.com'),('82947051295','Francis','Hickey',NULL,'82947051295','82947051295@mail.com'),('82948815432','Ollie','Hassan',NULL,'82948815432','82948815432@mail.com'),('82955820762','Lovisa','Eggby',NULL,'82955820762','82955820762@mail.com'),('82964457658','Spurgeon','Gunning',NULL,'82964457658','82964457658@mail.com'),('82974203742','Ely','Asom',NULL,'82974203742','82974203742@mail.com'),('82984801952','Helma','Gibbins',NULL,'82984801952','82984801952@mail.com'),('82994852894','Kate','Forsyth',NULL,'82994852894','82994852894@mail.com'),('83009881324','Lily','Lennard',NULL,'83009881324','83009881324@mail.com'),('83021866752','Stanford','Kidd',NULL,'83021866752','83021866752@mail.com'),('83034825010','Beulah','Totten',NULL,'83034825010','83034825010@mail.com'),('83040880715','Bill','Freeman',NULL,'83040880715','83040880715@mail.com'),('83058635027','Zoa','Vickars',NULL,'83058635027','83058635027@mail.com'),('83070080911','Tony','Lumsden',NULL,'83070080911','83070080911@mail.com'),('83106439197','Lucian','Biggs',NULL,'83106439197','83106439197@mail.com'),('83111657488','Dinah','Cahill',NULL,'83111657488','83111657488@mail.com'),('83172480098','Bessie','Charles',NULL,'83172480098','83172480098@mail.com'),('83175834156','Woodson','Palmer',NULL,'83175834156','83175834156@mail.com'),('83185039761','Theo','Titmarsh',NULL,'83185039761','83185039761@mail.com'),('83186480620','Nelle','Rampling',NULL,'83186480620','83186480620@mail.com'),('83189060363','Ocie','Thorpe',NULL,'83189060363','83189060363@mail.com'),('83202406820','Roseanna','Mawson',NULL,'83202406820','83202406820@mail.com'),('83225663975','Dovie','Philips',NULL,'83225663975','83225663975@mail.com'),('83226065185','Curtis','Patrick',NULL,'83226065185','83226065185@mail.com'),('83246801122','Alvena','Eskins',NULL,'83246801122','83246801122@mail.com'),('83282014550','Holly','Lowe',NULL,'83282014550','83282014550@mail.com'),('83302434462','Felicia','France',NULL,'83302434462','83302434462@mail.com'),('83308257833','Vivian','Odea',NULL,'83308257833','83308257833@mail.com'),('83314400285','Babe','Parmar',NULL,'83314400285','83314400285@mail.com'),('83321077928','Caroline','Day',NULL,'83321077928','83321077928@mail.com'),('83331636353','Lea','Harrington',NULL,'83331636353','83331636353@mail.com'),('83365033682','Irven','Furnell',NULL,'83365033682','83365033682@mail.com'),('83366446213','Zeke','Milner',NULL,'83366446213','83366446213@mail.com'),('83385815764','Dolphus','Woodcock',NULL,'83385815764','83385815764@mail.com'),('83420045185','Lonnie','Bains',NULL,'83420045185','83420045185@mail.com'),('83430867596','Hugo','Gilmour',NULL,'83430867596','83430867596@mail.com'),('83442081067','Anita','Meredith',NULL,'83442081067','83442081067@mail.com'),('83462864296','Eric','Teasdale',NULL,'83462864296','83462864296@mail.com'),('83498217863','Larkin','Knighton',NULL,'83498217863','83498217863@mail.com'),('83498435425','Elmer','Paige',NULL,'83498435425','83498435425@mail.com'),('83498855087','Harrison','Ollerhead',NULL,'83498855087','83498855087@mail.com'),('83558420144','Berry','Andrews',NULL,'83558420144','83558420144@mail.com'),('83576602445','Howard','Roach',NULL,'83576602445','83576602445@mail.com'),('83581699512','Elmire','Buckley',NULL,'83581699512','83581699512@mail.com'),('83598871849','Bird','Hogg',NULL,'83598871849','83598871849@mail.com'),('83606683957','Mazie','Fortin',NULL,'83606683957','83606683957@mail.com'),('83627013568','Delbert','Isaacs',NULL,'83627013568','83627013568@mail.com'),('83631437002','Isaac','Alexander',NULL,'83631437002','83631437002@mail.com'),('83675446683','Hoy','Caddy',NULL,'83675446683','83675446683@mail.com'),('83718628763','Effa','Roscoe',NULL,'83718628763','83718628763@mail.com'),('83745086239','Eldridge','Anker',NULL,'83745086239','83745086239@mail.com'),('83771492695','Penelope','Gately',NULL,'83771492695','83771492695@mail.com'),('83780657356','Jess','Hole',NULL,'83780657356','83780657356@mail.com'),('83782084445','Leila','Raeburn',NULL,'83782084445','83782084445@mail.com'),('83789284864','Chalmers','Keighley',NULL,'83789284864','83789284864@mail.com'),('83794463014','Phineas','Macarthur',NULL,'83794463014','83794463014@mail.com'),('83830305771','Thelma','Salt',NULL,'83830305771','83830305771@mail.com'),('83858490325','Harriet','Ireson',NULL,'83858490325','83858490325@mail.com'),('83858880575','Leta','Eyett',NULL,'83858880575','83858880575@mail.com'),('83907874707','Elliott','Humphries',NULL,'83907874707','83907874707@mail.com'),('83912043969','Anna','Vallance',NULL,'83912043969','83912043969@mail.com'),('83929257468','Elmina','Fawn',NULL,'83929257468','83929257468@mail.com'),('83948406349','Juan','Rosenbloom',NULL,'83948406349','83948406349@mail.com'),('83953041787','Madie','Wildman',NULL,'83953041787','83953041787@mail.com'),('83961048793','Pinkie','Finbow',NULL,'83961048793','83961048793@mail.com'),('83986640038','Drusilla','Hassani',NULL,'83986640038','83986640038@mail.com'),('83992661749','Huldah','Silcock',NULL,'83992661749','83992661749@mail.com'),('84008462698','Simeon','Alldridge',NULL,'84008462698','84008462698@mail.com'),('84009898498','Alphonso','Keegan',NULL,'84009898498','84009898498@mail.com'),('84020298158','Gustav','Millward',NULL,'84020298158','84020298158@mail.com'),('84047680223','Clinton','Thompson',NULL,'84047680223','84047680223@mail.com'),('84076806143','Casper','Ellery',NULL,'84076806143','84076806143@mail.com'),('84084682150','General','Mcnally',NULL,'84084682150','84084682150@mail.com'),('84102861028','Lanie','Gale',NULL,'84102861028','84102861028@mail.com'),('84116465130','Pleas','Mohammed',NULL,'84116465130','84116465130@mail.com'),('84122004165','Coleman','Stroud',NULL,'84122004165','84122004165@mail.com'),('84126695147','Pollie','Downing',NULL,'84126695147','84126695147@mail.com'),('84130367023','Mamie','Robertson',NULL,'84130367023','84130367023@mail.com'),('84145274161','Roger','Sadiq',NULL,'84145274161','84145274161@mail.com'),('84183282980','Pearl','Molyneux',NULL,'84183282980','84183282980@mail.com'),('84215841179','Tommy','Ludkin',NULL,'84215841179','84215841179@mail.com'),('84234883206','Reba','Emmings',NULL,'84234883206','84234883206@mail.com'),('84262890645','Earnest','Fielder',NULL,'84262890645','84262890645@mail.com'),('84338228514','Caddie','Killock',NULL,'84338228514','84338228514@mail.com'),('84342462680','Ellsworth','Jacobs',NULL,'84342462680','84342462680@mail.com'),('84344658824','Saul','Everitt',NULL,'84344658824','84344658824@mail.com'),('84345079011','Pete','Devenish',NULL,'84345079011','84345079011@mail.com'),('84361655459','Clemmie','Towns',NULL,'84361655459','84361655459@mail.com'),('84394535197','Steven','Emmery',NULL,'84394535197','84394535197@mail.com'),('84408658787','Marquis','Macrae',NULL,'84408658787','84408658787@mail.com'),('84424504833','Margaretta','Oldland',NULL,'84424504833','84424504833@mail.com'),('84436224829','Alida','Donald',NULL,'84436224829','84436224829@mail.com'),('84469652264','Estell','Kilmurry',NULL,'84469652264','84469652264@mail.com'),('84525660483','Eugene','Goodyear',NULL,'84525660483','84525660483@mail.com'),('84528683834','Doshie','Oneill',NULL,'84528683834','84528683834@mail.com'),('84555643104','Leota','Keaveney',NULL,'84555643104','84555643104@mail.com'),('84592046211','Davie','Ewing',NULL,'84592046211','84592046211@mail.com'),('84607281882','Carl','Grant',NULL,'84607281882','84607281882@mail.com'),('84626299011','Lum','Hatton',NULL,'84626299011','84626299011@mail.com'),('84630267269','Katy','Duggan',NULL,'84630267269','84630267269@mail.com'),('84634826241','Madeline','Waugh',NULL,'84634826241','84634826241@mail.com'),('84634874431','Leda','Parr',NULL,'84634874431','84634874431@mail.com'),('84643411430','Louie','Carnegie',NULL,'84643411430','84643411430@mail.com'),('84648682111','Volney','Heron',NULL,'84648682111','84648682111@mail.com'),('84662275899','Nellie','Peterson',NULL,'84662275899','84662275899@mail.com'),('84662639424','Bailey','Sparkes',NULL,'84662639424','84662639424@mail.com'),('84662642987','Beryl','Winstanley',NULL,'84662642987','84662642987@mail.com'),('84694905182','Abner','Winship',NULL,'84694905182','84694905182@mail.com'),('84707002493','Augusta','Mccann',NULL,'84707002493','84707002493@mail.com'),('84710205954','Tyler','Worgan',NULL,'84710205954','84710205954@mail.com'),('84733874232','Ednah','Ricketts',NULL,'84733874232','84733874232@mail.com'),('84734831239','Obed','Paskell',NULL,'84734831239','84734831239@mail.com'),('84740485741','Orin','Ness',NULL,'84740485741','84740485741@mail.com'),('84757880061','Alberta','Appleby',NULL,'84757880061','84757880061@mail.com'),('84763863518','Elma','Aitchison',NULL,'84763863518','84763863518@mail.com'),('84810490852','Wong','Wolf',NULL,'84810490852','84810490852@mail.com'),('84818888316','Alma','Gardner',NULL,'84818888316','84818888316@mail.com'),('84823817043','Duke','Nemeth',NULL,'84823817043','84823817043@mail.com'),('84847215926','Wheeler','Deegan',NULL,'84847215926','84847215926@mail.com'),('84880234906','Emmer','Towell',NULL,'84880234906','84880234906@mail.com'),('84891004170','Leland','Ashwell',NULL,'84891004170','84891004170@mail.com'),('84902829001','Clarice','Stephenson',NULL,'84902829001','84902829001@mail.com'),('84914283843','Fernando','Garbutt',NULL,'84914283843','84914283843@mail.com'),('84947402673','Axel','Ilett',NULL,'84947402673','84947402673@mail.com'),('84992760498','Eber','Kenyon',NULL,'84992760498','84992760498@mail.com'),('84993803140','Matthias','Simons',NULL,'84993803140','84993803140@mail.com'),('84995635189','Matie','Sampson',NULL,'84995635189','84995635189@mail.com'),('85001665271','Clint','Killen',NULL,'85001665271','85001665271@mail.com'),('85024602306','Almira','Snow',NULL,'85024602306','85024602306@mail.com'),('85051606049','Jules','Nairn',NULL,'85051606049','85051606049@mail.com'),('85107800883','Cleo','Moore',NULL,'85107800883','85107800883@mail.com'),('85111062419','Jimmie','Donnelly',NULL,'85111062419','85111062419@mail.com'),('85137401639','Meta','Elwood',NULL,'85137401639','85137401639@mail.com'),('85174051211','Lucina','Firth',NULL,'85174051211','85174051211@mail.com'),('85182853098','Carrie','Heather',NULL,'85182853098','85182853098@mail.com'),('85222252076','Carlton','Tomlinson',NULL,'85222252076','85222252076@mail.com'),('85235253105','Malissa','Rogers',NULL,'85235253105','85235253105@mail.com'),('85269052677','Judith','Earley',NULL,'85269052677','85269052677@mail.com'),('85298229292','Emeline','Budd',NULL,'85298229292','85298229292@mail.com'),('85306650225','Baldwin','Pike',NULL,'85306650225','85306650225@mail.com'),('85322025519','Stuart','Gardiner',NULL,'85322025519','85322025519@mail.com'),('85327661779','Bart','Doors',NULL,'85327661779','85327661779@mail.com'),('85329216224','Abraham','Macaulay',NULL,'85329216224','85329216224@mail.com'),('85343625868','Virgil','Lord',NULL,'85343625868','85343625868@mail.com'),('85383815842','Isaiah','Toal',NULL,'85383815842','85383815842@mail.com'),('85389246927','Tobias','Napper',NULL,'85389246927','85389246927@mail.com'),('85404392879','Marvin','Ebden',NULL,'85404392879','85404392879@mail.com'),('85407294531','Murray','Wilkes',NULL,'85407294531','85407294531@mail.com'),('85411097210','Olivia','Bowen',NULL,'85411097210','85411097210@mail.com'),('85426277299','James','Fisk',NULL,'85426277299','85426277299@mail.com'),('85426456346','Erna','Strickland',NULL,'85426456346','85426456346@mail.com'),('85447477662','Ennis','Frederick',NULL,'85447477662','85447477662@mail.com'),('85458464652','Therese','Sanchez',NULL,'85458464652','85458464652@mail.com'),('85466654006','Dixie','Reay',NULL,'85466654006','85466654006@mail.com'),('85477072730','Augustin','Nord',NULL,'85477072730','85477072730@mail.com'),('85480694188','Lilly','Guest',NULL,'85480694188','85480694188@mail.com'),('85481872578','Grace','Pratt',NULL,'85481872578','85481872578@mail.com'),('85512291711','Sandy','Geyer',NULL,'85512291711','85512291711@mail.com'),('85517458373','Simon','Milward',NULL,'85517458373','85517458373@mail.com'),('85527277658','Mima','Knightley',NULL,'85527277658','85527277658@mail.com'),('85536062999','Rollie','Paisley',NULL,'85536062999','85536062999@mail.com'),('85537011627','Cloyd','Aitken',NULL,'85537011627','85537011627@mail.com'),('85557046822','Corrie','Reygan',NULL,'85557046822','85557046822@mail.com'),('85562775561','Moroni','Collinson',NULL,'85562775561','85562775561@mail.com'),('85580074834','Soloman','Tomes',NULL,'85580074834','85580074834@mail.com'),('85580409355','Josie','Clegg',NULL,'85580409355','85580409355@mail.com'),('85588506855','Ophelia','Royall',NULL,'85588506855','85588506855@mail.com'),('85591431211','Cordelia','Horne',NULL,'85591431211','85591431211@mail.com'),('85627823445','Venie','Ridgwell',NULL,'85627823445','85627823445@mail.com'),('85666636106','Lida','Thurston',NULL,'85666636106','85666636106@mail.com'),('85702205118','Allie','Eltis',NULL,'85702205118','85702205118@mail.com'),('85736445577','Corda','Embleton',NULL,'85736445577','85736445577@mail.com'),('85755618573','Almeda','Ginty',NULL,'85755618573','85755618573@mail.com'),('85764832292','Fred','Graham',NULL,'85764832292','85764832292@mail.com'),('85774479642','Aubrey','Sellars',NULL,'85774479642','85774479642@mail.com'),('85849688713','Ervin','Nicoll',NULL,'85849688713','85849688713@mail.com'),('85856400861','Winona','Myers',NULL,'85856400861','85856400861@mail.com'),('85874662522','Hunt','Knuckles',NULL,'85874662522','85874662522@mail.com'),('85962293304','Joshua','Northcott',NULL,'85962293304','85962293304@mail.com'),('85965817848','Lorenzo','Lathey',NULL,'85965817848','85965817848@mail.com'),('85966087693','Guss','Kennedy',NULL,'85966087693','85966087693@mail.com'),('85974646903','Isham','Eaves',NULL,'85974646903','85974646903@mail.com'),('85990453888','Adah','Artliff',NULL,'85990453888','85990453888@mail.com'),('85993805305','Josh','Mansfield',NULL,'85993805305','85993805305@mail.com'),('85994842488','Myrta','Oram',NULL,'85994842488','85994842488@mail.com'),('86006038325','Alla','Wilkin',NULL,'86006038325','86006038325@mail.com'),('86021059882','Joel','Dowell',NULL,'86021059882','86021059882@mail.com'),('86028975801','Maye','Rumbold',NULL,'86028975801','86028975801@mail.com'),('86061064327','Stacy','Harrop',NULL,'86061064327','86061064327@mail.com'),('86132807109','Aron','Alliott',NULL,'86132807109','86132807109@mail.com'),('86163095025','Isabelle','Turnbull',NULL,'86163095025','86163095025@mail.com'),('86198038979','Levi','Yeardley',NULL,'86198038979','86198038979@mail.com'),('86200631425','Vernon','Whalley',NULL,'86200631425','86200631425@mail.com'),('86201647874','Harlan','Kaddour',NULL,'86201647874','86201647874@mail.com'),('86206264627','Claudie','Gunter',NULL,'86206264627','86206264627@mail.com'),('86232475029','Ethelyn','Dunsford',NULL,'86232475029','86232475029@mail.com'),('86265686066','Faye','Whelan',NULL,'86265686066','86265686066@mail.com'),('86280802135','Hollis','Stuart',NULL,'86280802135','86280802135@mail.com'),('86308301677','Oscar','Gascoyne',NULL,'86308301677','86308301677@mail.com'),('86362492917','Oral','Eyre',NULL,'86362492917','86362492917@mail.com'),('86365652011','Calvin','Holmes',NULL,'86365652011','86365652011@mail.com'),('86413689222','Jay','Elston',NULL,'86413689222','86413689222@mail.com'),('86444437351','Naomi','Thirlwall',NULL,'86444437351','86444437351@mail.com'),('86456892054','Thursa','Lowbridge',NULL,'86456892054','86456892054@mail.com'),('86479622137','Emmaline','Kirkland',NULL,'86479622137','86479622137@mail.com'),('86479892755','Lydia','Lange',NULL,'86479892755','86479892755@mail.com'),('86482361319','Aurelia','Harper',NULL,'86482361319','86482361319@mail.com'),('86571650097','Maggie','Ibrahim',NULL,'86571650097','86571650097@mail.com'),('86578823756','Anna','Hodson',NULL,'86578823756','86578823756@mail.com'),('86612277111','Daisy','Dumont',NULL,'86612277111','86612277111@mail.com'),('86651815068','Loyd','Ashworth',NULL,'86651815068','86651815068@mail.com'),('86652044769','Miles','Oswald',NULL,'86652044769','86652044769@mail.com'),('86652092074','Holmes','Edney',NULL,'86652092074','86652092074@mail.com'),('86653299004','Araminta','Coward',NULL,'86653299004','86653299004@mail.com'),('86663055099','Inga','Wilson',NULL,'86663055099','86663055099@mail.com'),('86663613805','Amalia','Nanson',NULL,'86663613805','86663613805@mail.com'),('86666050293','Freddie','Jonas',NULL,'86666050293','86666050293@mail.com'),('86687838842','Asher','Robson',NULL,'86687838842','86687838842@mail.com'),('86712136975','Wood','Gales',NULL,'86712136975','86712136975@mail.com'),('86785878305','Manuel','Evason',NULL,'86785878305','86785878305@mail.com'),('86789084270','Wesley','Gillan',NULL,'86789084270','86789084270@mail.com'),('86800200406','Mitchel','Fraser',NULL,'86800200406','86800200406@mail.com'),('86805009246','Ivy','Ogden',NULL,'86805009246','86805009246@mail.com'),('86821078968','Carroll','Douglas',NULL,'86821078968','86821078968@mail.com'),('86832487395','Annie','Glasby',NULL,'86832487395','86832487395@mail.com'),('86834673596','Isom','Frary',NULL,'86834673596','86834673596@mail.com'),('86842202276','Gene','Sturrock',NULL,'86842202276','86842202276@mail.com'),('86846488295','Sally','Yetman',NULL,'86846488295','86846488295@mail.com'),('86847223922','Hosteen','Kendrick',NULL,'86847223922','86847223922@mail.com'),('86877617515','Mollie','Nanton',NULL,'86877617515','86877617515@mail.com'),('86880243026','Harley','Salisbury',NULL,'86880243026','86880243026@mail.com'),('86892692140','Mac','Beck',NULL,'86892692140','86892692140@mail.com'),('86917267830','Gertrude','Peal',NULL,'86917267830','86917267830@mail.com'),('86919612715','Alonzo','Nichols',NULL,'86919612715','86919612715@mail.com'),('86934243987','Lew','Kelliher',NULL,'86934243987','86934243987@mail.com'),('86947240410','Frieda','Dunford',NULL,'86947240410','86947240410@mail.com'),('86981447520','Sam','Lowndes',NULL,'86981447520','86981447520@mail.com'),('87023870616','Eugenie','Long',NULL,'87023870616','87023870616@mail.com'),('87034478326','Darius','Poon',NULL,'87034478326','87034478326@mail.com'),('87042017864','Cyrus','Mcgrath',NULL,'87042017864','87042017864@mail.com'),('87069229631','Golda','Amor',NULL,'87069229631','87069229631@mail.com'),('87114675159','Newt','West',NULL,'87114675159','87114675159@mail.com'),('87122875858','Manerva','Pointer',NULL,'87122875858','87122875858@mail.com'),('87148259496','Elzie','Mortimer',NULL,'87148259496','87148259496@mail.com'),('87154805599','Oda','Treseder',NULL,'87154805599','87154805599@mail.com'),('87155261336','Ruth','Felton',NULL,'87155261336','87155261336@mail.com'),('87182087914','Betsy','Hutchinson',NULL,'87182087914','87182087914@mail.com'),('87191069801','Anastacio','Hull',NULL,'87191069801','87191069801@mail.com'),('87209451702','Lutie','Lindop',NULL,'87209451702','87209451702@mail.com'),('87216213871','Alta','Eastham',NULL,'87216213871','87216213871@mail.com'),('87222487481','Bridget','Abel',NULL,'87222487481','87222487481@mail.com'),('87240843872','Dexter','Doherty',NULL,'87240843872','87240843872@mail.com'),('87252449622','Gladys','Adderley',NULL,'87252449622','87252449622@mail.com'),('87254812563','Dorothy','Edler',NULL,'87254812563','87254812563@mail.com'),('87297850565','Carolyn','Perks',NULL,'87297850565','87297850565@mail.com'),('87298003211','Tim','Reid',NULL,'87298003211','87298003211@mail.com'),('87298245611','Denver','Mckay',NULL,'87298245611','87298245611@mail.com'),('87327862964','Eunice','Curtis',NULL,'87327862964','87327862964@mail.com'),('87334033803','Emilie','Bancroft',NULL,'87334033803','87334033803@mail.com'),('87354413426','Ruby','Nuttall',NULL,'87354413426','87354413426@mail.com'),('87373438509','Hattie','Aherne',NULL,'87373438509','87373438509@mail.com'),('87388921860','Winfred','Lanham',NULL,'87388921860','87388921860@mail.com'),('87419481053','Magnolia','Rawlinson',NULL,'87419481053','87419481053@mail.com'),('87462210623','Guadalupe','Reader',NULL,'87462210623','87462210623@mail.com'),('87473242400','Minerva','Cheetham',NULL,'87473242400','87473242400@mail.com'),('87493045085','Author','Tidmarsh',NULL,'87493045085','87493045085@mail.com'),('87497202259','Lula','Feeney',NULL,'87497202259','87497202259@mail.com'),('87511858501','Dick','Dudley',NULL,'87511858501','87511858501@mail.com'),('87548835230','Georgiana','Davidson',NULL,'87548835230','87548835230@mail.com'),('87612434916','Dena','Phelps',NULL,'87612434916','87612434916@mail.com'),('87627726329','Bertie','Widdows',NULL,'87627726329','87627726329@mail.com'),('87639807943','Zella','Nash',NULL,'87639807943','87639807943@mail.com'),('87645491880','Adelia','Knutt',NULL,'87645491880','87645491880@mail.com'),('87664696277','Amanda','Lees',NULL,'87664696277','87664696277@mail.com'),('87665058477','Florance','Mason',NULL,'87665058477','87665058477@mail.com'),('87701481885','Gardner','Charge',NULL,'87701481885','87701481885@mail.com'),('87788050813','Ezekiel','Kingman',NULL,'87788050813','87788050813@mail.com'),('87800668621','Wes','Dobbin',NULL,'87800668621','87800668621@mail.com'),('87806437591','Cathrine','Pemberton',NULL,'87806437591','87806437591@mail.com'),('87839879393','Albert','Waterhouse',NULL,'87839879393','87839879393@mail.com'),('87851094402','Leana','Molloy',NULL,'87851094402','87851094402@mail.com'),('87886113251','Pearlie','England',NULL,'87886113251','87886113251@mail.com'),('87908986800','Nels','Fewtrell',NULL,'87908986800','87908986800@mail.com'),('87973235128','Percival','Ruff',NULL,'87973235128','87973235128@mail.com'),('87997079510','Jane','Tanner',NULL,'87997079510','87997079510@mail.com'),('88014620024','Merida','Harding',NULL,'88014620024','88014620024@mail.com'),('88022678578','Quincy','Abbott',NULL,'88022678578','88022678578@mail.com'),('88051656394','Jonah','Atherley',NULL,'88051656394','88051656394@mail.com'),('88054346177','Agnes','Tips',NULL,'88054346177','88054346177@mail.com'),('88075419448','Mike','Elmes',NULL,'88075419448','88075419448@mail.com'),('88088414361','Ceylon','Rickards',NULL,'88088414361','88088414361@mail.com'),('88106857443','Nelia','Ambrose',NULL,'88106857443','88106857443@mail.com'),('88126940279','Benton','Rigg',NULL,'88126940279','88126940279@mail.com'),('88145240877','Mathew','Quinlivan',NULL,'88145240877','88145240877@mail.com'),('88162489608','Freeman','Howe',NULL,'88162489608','88162489608@mail.com'),('88172836486','Tena','Woodhead',NULL,'88172836486','88172836486@mail.com'),('88193067778','Mont','Maynard',NULL,'88193067778','88193067778@mail.com'),('88208691205','Ione','Parsons',NULL,'88208691205','88208691205@mail.com'),('88220174610','Orlando','Crump',NULL,'88220174610','88220174610@mail.com'),('88228678724','Romeo','Redding',NULL,'88228678724','88228678724@mail.com'),('88232657472','Felipe','Danks',NULL,'88232657472','88232657472@mail.com'),('88238612972','Magdalena','Edeson',NULL,'88238612972','88238612972@mail.com'),('88244406093','Russell','Searle',NULL,'88244406093','88244406093@mail.com'),('88297221222','Ottis','Chong',NULL,'88297221222','88297221222@mail.com'),('88299093472','Harrie','Leedham',NULL,'88299093472','88299093472@mail.com'),('88300026496','Margeret','Quinton',NULL,'88300026496','88300026496@mail.com'),('88331212531','Colin','Fulleron',NULL,'88331212531','88331212531@mail.com'),('88341229878','Albion','Beer',NULL,'88341229878','88341229878@mail.com'),('88371211641','Clifford','Ingham',NULL,'88371211641','88371211641@mail.com'),('88388028784','Mathilda','Johannson',NULL,'88388028784','88388028784@mail.com'),('88403208857','Albertus','Moorhouse',NULL,'88403208857','88403208857@mail.com'),('88420832660','Carol','Atterton',NULL,'88420832660','88420832660@mail.com'),('88425223210','Zelma','Vikers',NULL,'88425223210','88425223210@mail.com'),('88452296160','Angus','Whittingham',NULL,'88452296160','88452296160@mail.com'),('88474270620','Theodosia','Ainley',NULL,'88474270620','88474270620@mail.com'),('88530667727','Jean','Jacob',NULL,'88530667727','88530667727@mail.com'),('88546488163','Marjorie','Mcrae',NULL,'88546488163','88546488163@mail.com'),('88563652280','Jabez','Davie',NULL,'88563652280','88563652280@mail.com'),('88582436292','Unknown','Jordan',NULL,'88582436292','88582436292@mail.com'),('88607099614','Celestia','Lovell',NULL,'88607099614','88607099614@mail.com'),('88613275569','Andy','Coombes',NULL,'88613275569','88613275569@mail.com'),('88640447481','Parthenia','Ritchie',NULL,'88640447481','88640447481@mail.com'),('88654723901','Lucien','Greenshields',NULL,'88654723901','88654723901@mail.com'),('88660030818','Lucile','Stocker',NULL,'88660030818','88660030818@mail.com'),('88661050782','Dayton','Glover',NULL,'88661050782','88661050782@mail.com'),('88668435115','Stewart','Underwood',NULL,'88668435115','88668435115@mail.com'),('88669983219','Margery','Chapple',NULL,'88669983219','88669983219@mail.com'),('88680005186','Lee','Sutherland',NULL,'88680005186','88680005186@mail.com'),('88685491732','Nolie','Akhtar',NULL,'88685491732','88685491732@mail.com'),('88748558312','Octavia','Karim',NULL,'88748558312','88748558312@mail.com'),('88761029122','Garfield','Alber',NULL,'88761029122','88761029122@mail.com'),('88772683877','Allen','Shand',NULL,'88772683877','88772683877@mail.com'),('88773871833','Sara','Cooper',NULL,'88773871833','88773871833@mail.com'),('88808888033','Gena','Velds',NULL,'88808888033','88808888033@mail.com'),('88813237043','Sylvester','Best',NULL,'88813237043','88813237043@mail.com'),('88823487960','Smith','Stanley',NULL,'88823487960','88823487960@mail.com'),('88882077923','Bertie','Angus',NULL,'88882077923','88882077923@mail.com'),('88884231454','Phebe','Kenning',NULL,'88884231454','88884231454@mail.com'),('88891006148','Nola','Sutton',NULL,'88891006148','88891006148@mail.com'),('88922054059','Johnnie','Tollis',NULL,'88922054059','88922054059@mail.com'),('88929802259','Fay','Groom',NULL,'88929802259','88929802259@mail.com'),('89003085046','Philomena','Fitch',NULL,'89003085046','89003085046@mail.com'),('89035872227','Eugenia','Farrelly',NULL,'89035872227','89035872227@mail.com'),('89053849737','Jessee','Asher',NULL,'89053849737','89053849737@mail.com'),('89072070938','Emma','Adsett',NULL,'89072070938','89072070938@mail.com'),('89078098787','Hans','Devon',NULL,'89078098787','89078098787@mail.com'),('89092239454','Morris','Rothery',NULL,'89092239454','89092239454@mail.com'),('89115650014','Ray','Winfield',NULL,'89115650014','89115650014@mail.com'),('89123201837','Mervin','Guilmard',NULL,'89123201837','89123201837@mail.com'),('89125666667','Watt','Waterfield',NULL,'89125666667','89125666667@mail.com'),('89140945686','Burl','Ayling',NULL,'89140945686','89140945686@mail.com'),('89154092364','Henry','Thoms',NULL,'89154092364','89154092364@mail.com'),('89210857861','Letta','Corr',NULL,'89210857861','89210857861@mail.com'),('89227077865','Aloysius','Cowley',NULL,'89227077865','89227077865@mail.com'),('89280243845','Seymour','Albrighton',NULL,'89280243845','89280243845@mail.com'),('89299392140','Letha','Aspey',NULL,'89299392140','89299392140@mail.com'),('89325485703','Madora','Foster',NULL,'89325485703','89325485703@mail.com'),('89329859173','Alva','Hemmings',NULL,'89329859173','89329859173@mail.com'),('89336200818','Jesus','Liddell',NULL,'89336200818','89336200818@mail.com'),('89338690523','Basil','Whitaker',NULL,'89338690523','89338690523@mail.com'),('89356487900','Fannie','Ashbrook',NULL,'89356487900','89356487900@mail.com'),('89358293754','Morgan','Wyatt',NULL,'89358293754','89358293754@mail.com'),('89363210551','Estelle','Avenue',NULL,'89363210551','89363210551@mail.com'),('89364683027','Alec','Leitch',NULL,'89364683027','89364683027@mail.com'),('89375298124','Adelaide','Ward',NULL,'89375298124','89375298124@mail.com'),('89394665876','Phil','Gammer',NULL,'89394665876','89394665876@mail.com'),('89406275156','Tommie','Love',NULL,'89406275156','89406275156@mail.com'),('89420206262','Rowland','Negros',NULL,'89420206262','89420206262@mail.com'),('89437254784','Missouri','Jaffray',NULL,'89437254784','89437254784@mail.com'),('89442000021','Lenard','Warrington',NULL,'89442000021','89442000021@mail.com'),('89507606851','Wayne','Donlan',NULL,'89507606851','89507606851@mail.com'),('89508846070','Egbert','Otton',NULL,'89508846070','89508846070@mail.com'),('89543605395','Roderick','Pollard',NULL,'89543605395','89543605395@mail.com'),('89572698637','Rutherford','Normington',NULL,'89572698637','89572698637@mail.com'),('89585875102','Gussie','Wade',NULL,'89585875102','89585875102@mail.com'),('89609076630','Eben','Brunton',NULL,'89609076630','89609076630@mail.com'),('89610109265','Wilma','Lennon',NULL,'89610109265','89610109265@mail.com'),('89628413645','Vada','Costello',NULL,'89628413645','89628413645@mail.com'),('89635878744','Schuyler','Lynch',NULL,'89635878744','89635878744@mail.com'),('89667810163','Sarah','Houghton',NULL,'89667810163','89667810163@mail.com'),('89700857593','Alvah','Stubbs',NULL,'89700857593','89700857593@mail.com'),('89714883537','Manervia','Mccabe',NULL,'89714883537','89714883537@mail.com'),('89723038756','Noel','Potts',NULL,'89723038756','89723038756@mail.com'),('89727010545','Llewellyn','Kearney',NULL,'89727010545','89727010545@mail.com'),('89743057435','Oma','Elleray',NULL,'89743057435','89743057435@mail.com'),('89768265502','Hilliard','Renwick',NULL,'89768265502','89768265502@mail.com'),('89788665472','Ralph','Wheeler',NULL,'89788665472','89788665472@mail.com'),('89823888306','Camille','Baird',NULL,'89823888306','89823888306@mail.com'),('89825097044','Bartholomew','Flaxman',NULL,'89825097044','89825097044@mail.com'),('89873887379','Easter','Lovatt',NULL,'89873887379','89873887379@mail.com'),('89880456603','Chauncey','Kristensen',NULL,'89880456603','89880456603@mail.com'),('89894025859','Paralee','Lakey',NULL,'89894025859','89894025859@mail.com'),('89913619722','Olaf','Reveley',NULL,'89913619722','89913619722@mail.com'),('89914274814','Lucious','Polson',NULL,'89914274814','89914274814@mail.com'),('89932446150','Elvina','Charnock',NULL,'89932446150','89932446150@mail.com'),('89934840471','Cecelia','Rochford',NULL,'89934840471','89934840471@mail.com'),('89938272315','Grayce','Kirkby',NULL,'89938272315','89938272315@mail.com'),('89946416988','Mitchell','Youlden',NULL,'89946416988','89946416988@mail.com'),('89946460134','Wright','Lopes',NULL,'89946460134','89946460134@mail.com'),('89958856062','Alvia','Yeldon',NULL,'89958856062','89958856062@mail.com'),('89960741024','Nella','Downer',NULL,'89960741024','89960741024@mail.com'),('89961298169','Sylvanus','Mac',NULL,'89961298169','89961298169@mail.com'),('89986838537','Clair','Kerridge',NULL,'89986838537','89986838537@mail.com'),('89990040216','Rosetta','Carson',NULL,'89990040216','89990040216@mail.com'),('89994044778','Angela','Kewley',NULL,'89994044778','89994044778@mail.com'),('90002867497','Rosella','Grady',NULL,'90002867497','90002867497@mail.com'),('90009028294','Clay','Roman',NULL,'90009028294','90009028294@mail.com'),('90015660118','Edward','Torrens',NULL,'90015660118','90015660118@mail.com'),('90016067819','Damon','Walkden',NULL,'90016067819','90016067819@mail.com'),('90027842620','Marshal','Pollock',NULL,'90027842620','90027842620@mail.com'),('90056682342','Archibald','Beech',NULL,'90056682342','90056682342@mail.com'),('90063452500','Adolphus','Ahmad',NULL,'90063452500','90063452500@mail.com'),('90072271065','Monica','Fitzgerald',NULL,'90072271065','90072271065@mail.com'),('90080519075','Douglas','Thackeray',NULL,'90080519075','90080519075@mail.com'),('90088847199','Garrett','Addley',NULL,'90088847199','90088847199@mail.com'),('90116498743','Edwin','Vinny',NULL,'90116498743','90116498743@mail.com'),('90180487706','Elbert','Hawkridge',NULL,'90180487706','90180487706@mail.com'),('90182255159','Kitty','Dowson',NULL,'90182255159','90182255159@mail.com'),('90182682501','Al','Hoare',NULL,'90182682501','90182682501@mail.com'),('90185872836','Sybilla','Verell',NULL,'90185872836','90185872836@mail.com'),('90193497926','Omie','Oloughlin',NULL,'90193497926','90193497926@mail.com'),('90197051000','Erie','Lodge',NULL,'90197051000','90197051000@mail.com'),('90211872702','Frederick','Hellier',NULL,'90211872702','90211872702@mail.com'),('90212671966','Roy','Ironman',NULL,'90212671966','90212671966@mail.com'),('90263070821','Texas','Bowers',NULL,'90263070821','90263070821@mail.com'),('90277039279','Luvenia','Whittington',NULL,'90277039279','90277039279@mail.com'),('90287234375','Ferdinand','Fearnley',NULL,'90287234375','90287234375@mail.com'),('90320233645','Tomas','Mccarthy',NULL,'90320233645','90320233645@mail.com'),('90323476951','Elnora','Fowley',NULL,'90323476951','90323476951@mail.com'),('90331819161','Abbie','Kinchin',NULL,'90331819161','90331819161@mail.com'),('90333882800','Jerome','Blanchard',NULL,'90333882800','90333882800@mail.com'),('90354262549','Ann','Hodgson',NULL,'90354262549','90354262549@mail.com'),('90368401395','Hervey','Croft',NULL,'90368401395','90368401395@mail.com'),('90369828917','Ned','Phoenix',NULL,'90369828917','90369828917@mail.com'),('90386921484','Tishie','Phipps',NULL,'90386921484','90386921484@mail.com'),('90386977027','Victor','Griffiths',NULL,'90386977027','90386977027@mail.com'),('90395645390','Cleo','Kerr',NULL,'90395645390','90395645390@mail.com'),('90418409639','Emelia','Durand',NULL,'90418409639','90418409639@mail.com'),('90434207278','Elenora','Bean',NULL,'90434207278','90434207278@mail.com'),('90435661450','Birt','Hamilton',NULL,'90435661450','90435661450@mail.com'),('90451869165','Virginia','Easdown',NULL,'90451869165','90451869165@mail.com'),('90461478299','Annabelle','Rees',NULL,'90461478299','90461478299@mail.com'),('90476127646','Kathryn','Parkes',NULL,'90476127646','90476127646@mail.com'),('90500087998','Burton','Fulton',NULL,'90500087998','90500087998@mail.com'),('90504899640','Margret','Waterman',NULL,'90504899640','90504899640@mail.com'),('90512038733','Clarke','Whitehead',NULL,'90512038733','90512038733@mail.com'),('90512854924','Kittie','Wood',NULL,'90512854924','90512854924@mail.com'),('90524264429','Alys','Layton',NULL,'90524264429','90524264429@mail.com'),('90549490838','Harold','Arrowsmith',NULL,'90549490838','90549490838@mail.com'),('90592495129','Ike','Vancoller',NULL,'90592495129','90592495129@mail.com'),('asd','asd','asd','asd','asd','asd'),('qwe','qwe','qwe','qwe','qwe','qwe');
/*!40000 ALTER TABLE `veli` ENABLE KEYS */;
UNLOCK TABLES;

--
-- Dumping events for database 'okul'
--

--
-- Dumping routines for database 'okul'
--
/*!40103 SET TIME_ZONE=@OLD_TIME_ZONE */;

/*!40101 SET SQL_MODE=@OLD_SQL_MODE */;
/*!40014 SET FOREIGN_KEY_CHECKS=@OLD_FOREIGN_KEY_CHECKS */;
/*!40014 SET UNIQUE_CHECKS=@OLD_UNIQUE_CHECKS */;
/*!40101 SET CHARACTER_SET_CLIENT=@OLD_CHARACTER_SET_CLIENT */;
/*!40101 SET CHARACTER_SET_RESULTS=@OLD_CHARACTER_SET_RESULTS */;
/*!40101 SET COLLATION_CONNECTION=@OLD_COLLATION_CONNECTION */;
/*!40111 SET SQL_NOTES=@OLD_SQL_NOTES */;

-- Dump completed on 2024-12-04 15:35:39
